Date,Open,High,Low,Close,Adj Close,Volume
2001-01-01,0.20189,0.20189,0.20189,0.20189,0.167365,0
2001-01-02,0.20189,0.20189,0.20189,0.20189,0.167365,0
2001-01-03,0.20189,0.20189,0.20189,0.20189,0.167365,0
2001-01-04,0.20189,0.20189,0.20189,0.20189,0.167365,0
2001-01-07,0.20189,0.20189,0.20189,0.20189,0.167365,0
2001-01-08,0.20189,0.20189,0.20189,0.20189,0.167365,0
2001-01-09,0.20189,0.20189,0.20189,0.20189,0.167365,0
2001-01-10,0.20189,0.20189,0.20189,0.20189,0.167365,0
2001-01-11,0.20189,0.20189,0.20189,0.20189,0.167365,0
2001-01-14,0.20189,0.20189,0.20189,0.20189,0.167365,0
2001-01-15,0.20189,0.20189,0.20189,0.20189,0.167365,0
2001-01-16,0.20189,0.20189,0.20189,0.20189,0.167365,0
2001-01-17,0.20189,0.20189,0.20189,0.20189,0.167365,0
2001-01-18,0.18636,0.19801,0.18636,0.19801,0.164149,36058
2001-01-21,0.20189,0.20189,0.20189,0.20189,0.167365,38634
2001-01-22,0.20189,0.20189,0.20189,0.20189,0.167365,0
2001-01-23,0.21743,0.21743,0.21743,0.21743,0.180248,3863
2001-01-24,0.21743,0.21743,0.21743,0.21743,0.180248,0
2001-01-25,,,,,,
2001-01-28,0.21743,0.23296,0.21743,0.23296,0.193122,66966
2001-01-29,0.23296,0.23296,0.21743,0.21743,0.180248,43785
2001-01-30,0.20189,0.20189,0.18636,0.18636,0.154491,127492
2001-01-31,0.20189,0.20189,0.20189,0.20189,0.167365,5151
2001-02-01,0.20189,0.20189,0.20189,0.20189,0.167365,0
2001-02-04,0.20189,0.20189,0.20189,0.20189,0.167365,0
2001-02-05,0.18636,0.20189,0.14754,0.18636,0.154491,3160261
2001-02-06,0.20189,0.20189,0.18636,0.20189,0.167365,381189
2001-02-07,0.20189,0.20189,0.19413,0.19413,0.160932,133931
2001-02-08,0.17472,0.17472,0.17472,0.17472,0.144842,12878
2001-02-11,0.17472,0.17472,0.17472,0.17472,0.144842,0
2001-02-12,0.1786,0.1786,0.1786,0.1786,0.148058,51512
2001-02-13,0.17083,0.17083,0.17083,0.17083,0.141617,30907
2001-02-14,0.17083,0.17083,0.17083,0.17083,0.141617,193170
2001-02-15,0.17472,0.17472,0.17472,0.17472,0.144842,257560
2001-02-18,0.17083,0.17083,0.1553,0.1553,0.128743,64390
2001-02-19,0.1553,0.1786,0.1553,0.1786,0.148058,373462
2001-02-20,0.1786,0.1786,0.1786,0.1786,0.148058,64390
2001-02-21,0.1786,0.1786,0.1786,0.1786,0.148058,141658
2001-02-22,0.14987,0.18636,0.14987,0.18636,0.154491,129295
2001-02-25,0.19413,0.19413,0.19413,0.19413,0.160932,3271
2001-02-26,0.19413,0.19413,0.19413,0.19413,0.160932,18029
2001-02-27,0.14754,0.14754,0.14754,0.14754,0.12231,321950
2001-02-28,0.14754,0.14754,0.14754,0.14754,0.12231,0
2001-03-01,0.17083,0.17083,0.17083,0.17083,0.141617,87570
2001-03-04,0.17083,0.17083,0.17083,0.17083,0.141617,0
2001-03-05,0.1786,0.1786,0.1786,0.1786,0.148058,238244
2001-03-06,0.17083,0.17083,0.17083,0.17083,0.141617,2576
2001-03-07,0.1553,0.1553,0.1553,0.1553,0.128743,22485
2001-03-08,0.1553,0.1553,0.1553,0.1553,0.128743,0
2001-03-11,0.1553,0.1553,0.1553,0.1553,0.128743,0
2001-03-12,0.1553,0.1553,0.1553,0.1553,0.128743,0
2001-03-13,0.1553,0.1553,0.1553,0.1553,0.128743,0
2001-03-14,0.1553,0.1553,0.1553,0.1553,0.128743,3271
2001-03-15,0.14754,0.14754,0.14754,0.14754,0.12231,20605
2001-03-18,0.1553,0.1553,0.14754,0.14754,0.12231,54603
2001-03-19,0.14754,0.14754,0.14754,0.14754,0.12231,0
2001-03-20,0.14754,0.14754,0.14754,0.14754,0.12231,0
2001-03-21,0.14754,0.14754,0.14754,0.14754,0.12231,0
2001-03-22,0.14754,0.14754,0.14754,0.14754,0.12231,0
2001-03-26,0.14754,0.14754,0.14754,0.14754,0.12231,64403
2001-03-27,0.14754,0.14754,0.14754,0.14754,0.12231,1289
2001-03-28,0.14754,0.14754,0.14754,0.14754,0.12231,0
2001-03-29,0.14754,0.14754,0.14754,0.14754,0.12231,0
2001-03-30,0.14754,0.14754,0.14754,0.14754,0.12231,0
2001-04-02,0.14754,0.14754,0.14754,0.14754,0.12231,0
2001-04-03,0.14754,0.14754,0.14754,0.14754,0.12231,0
2001-04-04,0.14754,0.14754,0.14754,0.14754,0.12231,0
2001-04-05,0.14754,0.14754,0.14754,0.14754,0.12231,0
2001-04-06,0.14754,0.14754,0.14754,0.14754,0.12231,0
2001-04-09,0.14754,0.14754,0.14754,0.14754,0.12231,0
2001-04-10,0.14754,0.14754,0.14754,0.14754,0.12231,0
2001-04-11,0.13977,0.13977,0.13977,0.13977,0.115868,321950
2001-04-12,0.13977,0.14754,0.13977,0.14754,0.12231,341267
2001-04-13,,,,,,
2001-04-16,,,,,,
2001-04-17,0.14754,0.14754,0.14754,0.14754,0.12231,0
2001-04-18,0.14754,0.14754,0.14754,0.14754,0.12231,0
2001-04-19,0.14754,0.14754,0.14754,0.14754,0.12231,3389
2001-04-20,0.14754,0.14754,0.14754,0.14754,0.12231,64390
2001-04-23,0.14754,0.14754,0.14754,0.14754,0.12231,0
2001-04-24,0.14754,0.14754,0.14754,0.14754,0.12231,68176
2001-04-25,,,,,,
2001-04-26,0.14754,0.14754,0.14754,0.14754,0.12231,0
2001-04-27,0.14754,0.14754,0.14754,0.14754,0.12231,0
2001-04-30,0.14754,0.14754,0.14754,0.14754,0.12231,0
2001-05-01,0.14754,0.14754,0.14754,0.14754,0.12231,0
2001-05-02,0.1553,0.17083,0.1553,0.1553,0.128743,66450
2001-05-03,0.1553,0.1553,0.1553,0.1553,0.128743,32283
2001-05-04,0.1553,0.1553,0.1553,0.1553,0.128743,0
2001-05-07,0.1553,0.1553,0.1553,0.1553,0.128743,0
2001-05-08,0.1553,0.1553,0.1553,0.1553,0.128743,6439
2001-05-09,0.1553,0.1553,0.1553,0.1553,0.128743,6439
2001-05-10,0.1553,0.1553,0.1553,0.1553,0.128743,0
2001-05-11,0.13977,0.13977,0.13977,0.13977,0.115868,12878
2001-05-14,0.13977,0.13977,0.13977,0.13977,0.115868,0
2001-05-15,0.13977,0.13977,0.13977,0.13977,0.115868,0
2001-05-16,0.14754,0.14754,0.14754,0.14754,0.12231,68176
2001-05-17,0.1849,0.1849,0.14597,0.14597,0.121008,0
2001-05-18,0.1849,0.1849,0.14597,0.14597,0.121008,0
2001-05-21,0.11648,0.11648,0.07765,0.09318,0.077246,75980
2001-05-22,0.14366,0.14366,0.14366,0.14366,0.119093,12878
2001-05-23,0.13589,0.13589,0.13589,0.13589,0.112652,11590
2001-05-24,0.13589,0.14366,0.13589,0.14366,0.119093,45086
2001-05-25,0.1553,0.1553,0.1553,0.1553,0.128743,3207
2001-05-28,0.1553,0.1553,0.1553,0.1553,0.128743,0
2001-05-29,0.1553,0.1553,0.1553,0.1553,0.128743,0
2001-05-30,0.1553,0.1553,0.1553,0.1553,0.128743,0
2001-05-31,0.14754,0.14754,0.14754,0.14754,0.12231,154536
2001-06-01,0.14754,0.14754,0.14754,0.14754,0.12231,0
2001-06-04,0.14754,0.14754,0.14754,0.14754,0.12231,0
2001-06-05,0.14754,0.14754,0.14754,0.14754,0.12231,0
2001-06-06,0.14754,0.14754,0.14754,0.14754,0.12231,0
2001-06-07,0.14754,0.14754,0.14754,0.14754,0.12231,0
2001-06-08,0.14754,0.14754,0.14754,0.14754,0.12231,0
2001-06-11,,,,,,
2001-06-12,0.14754,0.14754,0.14754,0.14754,0.12231,0
2001-06-13,0.14754,0.14754,0.14754,0.14754,0.12231,0
2001-06-14,0.14754,0.14754,0.14754,0.14754,0.12231,0
2001-06-15,0.14754,0.14754,0.14754,0.14754,0.12231,25756
2001-06-18,0.14754,0.14754,0.14754,0.14754,0.12231,0
2001-06-19,0.14754,0.14754,0.14754,0.14754,0.12231,0
2001-06-20,0.14754,0.14754,0.14754,0.14754,0.12231,0
2001-06-21,0.13977,0.13977,0.13977,0.13977,0.115868,64390
2001-06-22,0.13977,0.13977,0.13977,0.13977,0.115868,105316
2001-06-25,0.17516,0.17516,0.13624,0.13624,0.112942,0
2001-06-26,0.17516,0.17516,0.13624,0.13624,0.112942,0
2001-06-27,0.17516,0.17516,0.13624,0.13624,0.112942,0
2001-06-28,0.17516,0.17516,0.1411,0.1411,0.116971,0
2001-06-29,0.1126,0.1126,0.10871,0.10871,0.09012,88858
2001-07-02,0.10871,0.10871,0.10871,0.10871,0.09012,0
2001-07-03,0.10871,0.10871,0.10871,0.10871,0.09012,0
2001-07-04,0.10871,0.10871,0.10871,0.10871,0.09012,2576
2001-07-05,0.10871,0.10871,0.10871,0.10871,0.09012,0
2001-07-06,0.10871,0.10871,0.10871,0.10871,0.09012,0
2001-07-09,0.10871,0.10871,0.10871,0.10871,0.09012,0
2001-07-10,0.10871,0.10871,0.10871,0.10871,0.09012,0
2001-07-11,0.10871,0.10871,0.10871,0.10871,0.09012,0
2001-07-12,0.10871,0.10871,0.10871,0.10871,0.09012,0
2001-07-13,0.10871,0.10871,0.10871,0.10871,0.09012,0
2001-07-16,0.10871,0.10871,0.10871,0.10871,0.09012,0
2001-07-17,0.10871,0.10871,0.10871,0.10871,0.09012,0
2001-07-18,0.10871,0.10871,0.10871,0.10871,0.09012,0
2001-07-19,0.10871,0.10871,0.10871,0.10871,0.09012,0
2001-07-20,0.13201,0.13201,0.13201,0.13201,0.109435,51433
2001-07-23,0.13977,0.13977,0.13977,0.13977,0.115868,79
2001-07-24,0.17516,0.17516,0.13624,0.13624,0.112942,0
2001-07-25,0.13977,0.13977,0.13977,0.13977,0.115868,0
2001-07-26,0.13977,0.13977,0.13977,0.13977,0.115868,0
2001-07-27,0.13201,0.13201,0.13201,0.13201,0.109435,302556
2001-07-30,0.16543,0.16543,0.13624,0.13624,0.112942,0
2001-07-31,0.16543,0.16543,0.13624,0.13624,0.112942,0
2001-08-01,0.16543,0.16543,0.13624,0.13624,0.112942,0
2001-08-02,0.13201,0.13201,0.13201,0.13201,0.109435,29619
2001-08-03,0.16543,0.16543,0.13624,0.13624,0.112942,0
2001-08-06,0.16543,0.16543,0.13624,0.13624,0.112942,0
2001-08-07,0.16543,0.16543,0.13624,0.13624,0.112942,0
2001-08-08,0.16543,0.16543,0.13624,0.13624,0.112942,0
2001-08-09,0.13201,0.13201,0.13201,0.13201,0.109435,3863
2001-08-10,0.16543,0.16543,0.13624,0.13624,0.112942,0
2001-08-13,0.16543,0.16543,0.13624,0.13624,0.112942,0
2001-08-14,0.16543,0.16543,0.13624,0.13624,0.112942,0
2001-08-15,0.16543,0.16543,0.13624,0.13624,0.112942,0
2001-08-16,0.13201,0.13201,0.13201,0.13201,0.109435,151329
2001-08-17,0.13201,0.13977,0.13201,0.13977,0.115868,242028
2001-08-20,0.14754,0.14754,0.14754,0.14754,0.12231,10302
2001-08-21,0.14754,0.14754,0.14754,0.14754,0.12231,0
2001-08-22,0.14754,0.14754,0.14754,0.14754,0.12231,0
2001-08-23,0.14754,0.14754,0.13201,0.14754,0.12231,139005
2001-08-24,0.14754,0.14754,0.14754,0.14754,0.12231,0
2001-08-27,0.14754,0.14754,0.14754,0.14754,0.12231,3863
2001-08-28,0.13201,0.13201,0.13201,0.13201,0.109435,12878
2001-08-29,0.13201,0.13201,0.13201,0.13201,0.109435,0
2001-08-30,0.13201,0.13201,0.13201,0.13201,0.109435,0
2001-08-31,0.14366,0.14754,0.14366,0.14754,0.12231,25756
2001-09-03,0.1849,0.1849,0.14597,0.14597,0.121008,0
2001-09-04,0.13977,0.13977,0.13977,0.13977,0.115868,64390
2001-09-05,0.14754,0.14754,0.14754,0.14754,0.12231,10302
2001-09-06,0.1849,0.1849,0.14597,0.14597,0.121008,0
2001-09-07,0.1849,0.1849,0.14597,0.14597,0.121008,0
2001-09-10,0.17516,0.17516,0.14597,0.14597,0.121008,0
2001-09-11,0.14754,0.14754,0.14754,0.14754,0.12231,0
2001-09-12,0.14754,0.14754,0.14754,0.14754,0.12231,0
2001-09-13,0.14754,0.14754,0.14754,0.14754,0.12231,0
2001-09-14,0.14754,0.14754,0.14754,0.14754,0.12231,0
2001-09-17,0.14754,0.14754,0.14754,0.14754,0.12231,0
2001-09-18,0.14754,0.14754,0.14754,0.14754,0.12231,0
2001-09-19,0.14754,0.14754,0.14754,0.14754,0.12231,0
2001-09-20,0.17516,0.17516,0.14597,0.14597,0.121008,0
2001-09-21,0.14754,0.14754,0.14754,0.14754,0.12231,0
2001-09-24,0.13977,0.13977,0.13977,0.13977,0.115868,3863
2001-09-25,0.13977,0.13977,0.13977,0.13977,0.115868,0
2001-09-26,0.13977,0.13977,0.13977,0.13977,0.115868,0
2001-09-27,0.13977,0.13977,0.13977,0.13977,0.115868,0
2001-09-28,0.13977,0.13977,0.13977,0.13977,0.115868,0
2001-10-01,0.13977,0.13977,0.13977,0.13977,0.115868,0
2001-10-02,0.13977,0.13977,0.13977,0.13977,0.115868,0
2001-10-03,0.13977,0.13977,0.13977,0.13977,0.115868,16098
2001-10-04,0.13977,0.13977,0.13977,0.13977,0.115868,0
2001-10-05,0.13977,0.13977,0.13977,0.13977,0.115868,0
2001-10-08,0.13977,0.13977,0.13977,0.13977,0.115868,0
2001-10-09,0.13977,0.13977,0.13977,0.13977,0.115868,0
2001-10-10,0.13977,0.13977,0.13977,0.13977,0.115868,0
2001-10-11,0.13977,0.13977,0.13977,0.13977,0.115868,0
2001-10-12,0.13977,0.13977,0.13977,0.13977,0.115868,0
2001-10-15,0.13977,0.13977,0.13977,0.13977,0.115868,0
2001-10-16,0.13977,0.13977,0.13977,0.13977,0.115868,0
2001-10-17,0.13977,0.13977,0.13977,0.13977,0.115868,0
2001-10-18,0.13977,0.13977,0.13977,0.13977,0.115868,0
2001-10-19,0.13977,0.13977,0.13977,0.13977,0.115868,0
2001-10-22,0.13977,0.13977,0.13977,0.13977,0.115868,0
2001-10-23,0.13977,0.13977,0.13977,0.13977,0.115868,0
2001-10-24,0.13977,0.13977,0.13977,0.13977,0.115868,0
2001-10-25,0.13977,0.13977,0.13977,0.13977,0.115868,0
2001-10-26,0.13977,0.13977,0.13977,0.13977,0.115868,0
2001-10-28,0.13977,0.13977,0.13977,0.13977,0.115868,0
2001-10-29,0.13977,0.13977,0.13977,0.13977,0.115868,0
2001-10-30,0.13977,0.13977,0.13977,0.13977,0.115868,0
2001-10-31,0.13977,0.13977,0.13977,0.13977,0.115868,0
2001-11-01,0.13977,0.13977,0.13977,0.13977,0.115868,0
2001-11-04,0.13977,0.13977,0.13977,0.13977,0.115868,0
2001-11-05,0.13977,0.13977,0.13977,0.13977,0.115868,0
2001-11-06,0.13977,0.13977,0.13977,0.13977,0.115868,0
2001-11-07,0.13977,0.13977,0.13977,0.13977,0.115868,0
2001-11-08,0.13977,0.13977,0.13977,0.13977,0.115868,0
2001-11-11,0.13977,0.13977,0.13977,0.13977,0.115868,0
2001-11-12,0.13977,0.13977,0.13977,0.13977,0.115868,0
2001-11-13,0.13977,0.13977,0.13977,0.13977,0.115868,0
2001-11-14,0.13977,0.13977,0.13977,0.13977,0.115868,0
2001-11-15,0.13201,0.13201,0.13201,0.13201,0.109435,100371
2001-11-18,0.13201,0.13201,0.13201,0.13201,0.109435,0
2001-11-19,0.13201,0.13201,0.13201,0.13201,0.109435,0
2001-11-20,0.1703,0.1703,0.12651,0.12651,0.104876,0
2001-11-21,0.1703,0.1703,0.12651,0.12651,0.104876,0
2001-11-22,0.1703,0.1703,0.12651,0.12651,0.104876,0
2001-11-25,0.1703,0.1703,0.13137,0.13137,0.108905,0
2001-11-26,0.1703,0.1703,0.13137,0.13137,0.108905,0
2001-11-27,0.13589,0.13589,0.13589,0.13589,0.112652,51512
2001-11-28,0.1703,0.1703,0.13137,0.13137,0.108905,0
2001-11-29,0.1703,0.1703,0.13137,0.13137,0.108905,0
2001-12-02,0.13589,0.13589,0.13589,0.13589,0.112652,10302
2001-12-03,0.13589,0.13589,0.13589,0.13589,0.112652,7727
2001-12-04,0.17516,0.17516,0.13137,0.13137,0.108905,0
2001-12-05,0.17516,0.17516,0.13137,0.13137,0.108905,0
2001-12-06,0.17516,0.17516,0.13137,0.13137,0.108905,0
2001-12-09,0.13977,0.13977,0.13977,0.13977,0.115868,84995
2001-12-10,0.13201,0.13201,0.13201,0.13201,0.109435,57951
2001-12-11,0.13201,0.13201,0.13201,0.13201,0.109435,6439
2001-12-12,0.11648,0.11648,0.11648,0.11648,0.096561,64390
2001-12-13,0.11648,0.11648,0.11648,0.11648,0.096561,0
2001-12-16,0.13201,0.13201,0.13201,0.13201,0.109435,122341
2001-12-17,0.13201,0.13201,0.13201,0.13201,0.109435,19317
2001-12-18,0.1557,0.1557,0.13137,0.13137,0.108905,0
2001-12-19,0.1557,0.1557,0.13137,0.13137,0.108905,0
2001-12-20,0.1557,0.1557,0.13137,0.13137,0.108905,0
2001-12-23,0.11648,0.13201,0.11648,0.13201,0.109435,70829
2001-12-24,,,,,,
2001-12-25,,,,,,
2001-12-26,0.13201,0.13201,0.13201,0.13201,0.109435,0
2001-12-27,0.13201,0.13201,0.13201,0.13201,0.109435,0
2001-12-30,0.11648,0.11648,0.11648,0.11648,0.096561,100371
2001-12-31,,,,,,
2002-01-01,0.11648,0.11648,0.11648,0.11648,0.096561,0
2002-01-02,0.11648,0.11648,0.10095,0.11648,0.096561,84894
2002-01-03,0.11648,0.11648,0.11648,0.11648,0.096561,109463
2002-01-06,0.11648,0.11648,0.11648,0.11648,0.096561,0
2002-01-07,0.11648,0.11648,0.11648,0.11648,0.096561,0
2002-01-08,0.11648,0.11648,0.11648,0.11648,0.096561,0
2002-01-09,0.11648,0.11648,0.11648,0.11648,0.096561,0
2002-01-10,0.11648,0.11648,0.11648,0.11648,0.096561,0
2002-01-13,0.11648,0.11648,0.11648,0.11648,0.096561,0
2002-01-14,0.11648,0.11648,0.11648,0.11648,0.096561,0
2002-01-15,0.10871,0.10871,0.10483,0.10483,0.086903,146809
2002-01-16,0.10095,0.10095,0.10095,0.10095,0.083687,38634
2002-01-17,0.11752,0.11752,0.11752,0.11752,0.097423,0
2002-01-20,0.11752,0.11752,0.11752,0.11752,0.097423,0
2002-01-21,0.14598,0.14598,0.11678,0.11678,0.09681,0
2002-01-22,0.11752,0.11752,0.11752,0.11752,0.097423,0
2002-01-23,0.11752,0.11752,0.11752,0.11752,0.097423,0
2002-01-24,0.1356,0.15368,0.12656,0.14464,0.119906,188230
2002-01-27,,,,,,
2002-01-28,0.14464,0.14464,0.14464,0.14464,0.119906,33187
2002-01-29,0.1356,0.1356,0.1356,0.1356,0.112412,2212
2002-01-30,0.1356,0.1356,0.1356,0.1356,0.112412,0
2002-01-31,0.11752,0.11752,0.10848,0.10848,0.089929,37612
2002-02-03,0.0904,0.10848,0.0904,0.10848,0.089929,12168
2002-02-04,0.08407,0.08769,0.08407,0.08769,0.072694,7841998
2002-02-05,0.08769,0.08769,0.08769,0.08769,0.072694,0
2002-02-06,0.0904,0.0904,0.0904,0.0904,0.074941,57523
2002-02-07,0.0904,0.0904,0.0904,0.0904,0.074941,0
2002-02-10,0.0904,0.0904,0.08588,0.08588,0.071194,119472
2002-02-11,0.08136,0.08136,0.08136,0.08136,0.067447,110622
2002-02-12,0.08136,0.08136,0.08136,0.08136,0.067447,0
2002-02-13,0.09944,0.09944,0.09944,0.09944,0.082435,11062
2002-02-14,0.09944,0.09944,0.09944,0.09944,0.082435,0
2002-02-17,0.09944,0.09944,0.09944,0.09944,0.082435,268258
2002-02-18,0.09944,0.09944,0.09944,0.09944,0.082435,11062
2002-02-19,0.0904,0.0904,0.0904,0.0904,0.074941,8297
2002-02-20,0.0904,0.0904,0.0904,0.0904,0.074941,0
2002-02-21,0.0904,0.0904,0.0904,0.0904,0.074941,0
2002-02-24,0.0904,0.0904,0.0904,0.0904,0.074941,0
2002-02-25,0.0904,0.0904,0.0904,0.0904,0.074941,138278
2002-02-26,0.08136,0.08136,0.08136,0.08136,0.067447,135512
2002-02-27,0.08136,0.08136,0.08136,0.08136,0.067447,0
2002-02-28,0.08136,0.08136,0.08136,0.08136,0.067447,0
2002-03-03,0.08136,0.08136,0.08136,0.08136,0.067447,0
2002-03-04,0.0904,0.0904,0.0904,0.0904,0.074941,575157
2002-03-05,0.09492,0.09492,0.09492,0.09492,0.078688,165933
2002-03-06,0.09944,0.09944,0.09944,0.09944,0.082435,16593
2002-03-07,0.09944,0.09944,0.09492,0.09492,0.078688,55388
2002-03-10,0.09492,0.09492,0.09492,0.09492,0.078688,22124
2002-03-11,0.09492,0.09492,0.0904,0.0904,0.074941,193589
2002-03-12,0.0904,0.0904,0.0904,0.0904,0.074941,143809
2002-03-13,0.0904,0.0904,0.0904,0.0904,0.074941,73011
2002-03-14,0.11191,0.11191,0.08759,0.08759,0.072612,0
2002-03-17,0.11191,0.11191,0.08759,0.08759,0.072612,0
2002-03-18,0.09732,0.09732,0.08759,0.08759,0.072612,0
2002-03-19,0.09732,0.09732,0.08759,0.08759,0.072612,0
2002-03-20,0.09732,0.09732,0.08759,0.08759,0.072612,0
2002-03-21,0.08949,0.0904,0.08949,0.0904,0.074941,131640
2002-03-24,0.0904,0.09944,0.0904,0.0904,0.074941,222350
2002-03-25,0.0904,0.0904,0.0904,0.0904,0.074941,34293
2002-03-26,0.09732,0.09732,0.08759,0.08759,0.072612,0
2002-03-27,0.0904,0.0904,0.0904,0.0904,0.074941,110622
2002-03-28,,,,,,
2002-04-01,,,,,,
2002-04-02,0.0904,0.0904,0.0904,0.0904,0.074941,1307588
2002-04-03,0.0904,0.0904,0.0904,0.0904,0.074941,99560
2002-04-04,0.0904,0.0904,0.0904,0.0904,0.074941,0
2002-04-05,0.0904,0.0904,0.0904,0.0904,0.074941,110622
2002-04-08,0.0904,0.0904,0.0904,0.0904,0.074941,0
2002-04-09,0.08859,0.0904,0.08588,0.08588,0.071194,65267
2002-04-10,0.08136,0.08136,0.08136,0.08136,0.067447,158300
2002-04-11,0.08136,0.08136,0.08136,0.08136,0.067447,0
2002-04-12,0.08136,0.08136,0.08136,0.08136,0.067447,0
2002-04-15,0.07232,0.07232,0.07232,0.07232,0.059953,26549
2002-04-16,0.07232,0.07232,0.07232,0.07232,0.059953,0
2002-04-17,0.07232,0.07232,0.07232,0.07232,0.059953,0
2002-04-18,0.07232,0.07232,0.07232,0.07232,0.059953,0
2002-04-19,0.08369,0.08369,0.07493,0.07493,0.062116,0
2002-04-22,0.08564,0.08564,0.07396,0.07396,0.061312,0
2002-04-23,0.08272,0.08272,0.07396,0.07396,0.061312,0
2002-04-24,0.07232,0.07232,0.07232,0.07232,0.059953,71904
2002-04-25,,,,,,
2002-04-26,0.08661,0.08661,0.07493,0.07493,0.062116,0
2002-04-29,0.06961,0.07955,0.06961,0.07955,0.065946,40930
2002-04-30,0.0687,0.0687,0.05876,0.06057,0.050212,240050
2002-05-01,0.06057,0.06057,0.06057,0.06057,0.050212,0
2002-05-02,0.06147,0.06599,0.06147,0.06328,0.052459,115047
2002-05-03,0.06328,0.06328,0.06328,0.06328,0.052459,0
2002-05-06,0.08272,0.08272,0.06131,0.06131,0.050826,0
2002-05-07,0.07688,0.07688,0.06131,0.06131,0.050826,0
2002-05-08,0.06812,0.06812,0.06131,0.06131,0.050826,0
2002-05-09,0.06328,0.06328,0.06328,0.06328,0.052459,9403
2002-05-10,0.06812,0.06812,0.06326,0.06326,0.052442,0
2002-05-13,0.06328,0.06328,0.06328,0.06328,0.052459,45428
2002-05-14,0.06328,0.06328,0.06328,0.06328,0.052459,120505
2002-05-15,0.05695,0.05695,0.0461,0.05695,0.047211,57523
2002-05-16,0.06237,0.06237,0.06237,0.06237,0.051704,84073
2002-05-17,0.06147,0.06328,0.06147,0.06328,0.052459,869057
2002-05-20,0.06328,0.06328,0.06328,0.06328,0.052459,39824
2002-05-21,0.07688,0.07688,0.06131,0.06131,0.050826,0
2002-05-22,0.07688,0.07688,0.06131,0.06131,0.050826,0
2002-05-23,0.07688,0.07688,0.06131,0.06131,0.050826,0
2002-05-24,0.07688,0.07688,0.06131,0.06131,0.050826,0
2002-05-27,0.07141,0.07141,0.07141,0.07141,0.059198,1305
2002-05-28,0.07141,0.07141,0.07141,0.07141,0.059198,0
2002-05-29,0.07141,0.07141,0.07141,0.07141,0.059198,124450
2002-05-30,0.06328,0.06328,0.06328,0.06328,0.052459,22124
2002-05-31,0.06812,0.06812,0.06131,0.06131,0.050826,0
2002-06-03,0.06812,0.06812,0.06131,0.06131,0.050826,0
2002-06-04,0.06812,0.06812,0.06131,0.06131,0.050826,0
2002-06-05,0.06812,0.06812,0.06131,0.06131,0.050826,0
2002-06-06,0.06812,0.06812,0.06131,0.06131,0.050826,0
2002-06-07,0.06812,0.06812,0.06131,0.06131,0.050826,0
2002-06-10,,,,,,
2002-06-11,0.06812,0.06812,0.06131,0.06131,0.050826,0
2002-06-12,0.06812,0.06812,0.06131,0.06131,0.050826,0
2002-06-13,0.06812,0.06812,0.06131,0.06131,0.050826,0
2002-06-14,0.06812,0.06812,0.06131,0.06131,0.050826,0
2002-06-17,0.06328,0.06328,0.06328,0.06328,0.052459,0
2002-06-18,0.04068,0.04068,0.04068,0.04068,0.033723,5143926
2002-06-19,0.04068,0.04068,0.04068,0.04068,0.033723,1
2002-06-20,0.03887,0.03887,0.03887,0.03887,0.032223,414833
2002-06-21,0.03887,0.03887,0.03887,0.03887,0.032223,0
2002-06-24,0.03887,0.03887,0.03887,0.03887,0.032223,0
2002-06-25,0.05695,0.06689,0.05695,0.05695,0.047211,28209
2002-06-26,0.04068,0.04068,0.04068,0.04068,0.033723,149340
2002-06-27,0.04068,0.04068,0.04068,0.04068,0.033723,169901
2002-06-28,0.04881,0.05424,0.04068,0.05424,0.044965,71904
2002-07-01,0.05424,0.05424,0.05424,0.05424,0.044965,0
2002-07-02,0.05424,0.05424,0.05424,0.05424,0.044965,0
2002-07-03,0.05424,0.05424,0.05424,0.05424,0.044965,0
2002-07-04,0.05424,0.05424,0.05424,0.05424,0.044965,22124
2002-07-05,0.05424,0.05424,0.05424,0.05424,0.044965,0
2002-07-08,0.05424,0.05424,0.05424,0.05424,0.044965,0
2002-07-09,0.04339,0.04339,0.04339,0.04339,0.03597,33187
2002-07-10,0.04339,0.04339,0.04339,0.04339,0.03597,0
2002-07-11,0.04339,0.04339,0.04339,0.04339,0.03597,22124
2002-07-12,0.04339,0.04339,0.04339,0.04339,0.03597,55311
2002-07-15,0.04339,0.04339,0.04339,0.04339,0.03597,0
2002-07-16,0.04339,0.04339,0.04339,0.04339,0.03597,0
2002-07-17,0.04339,0.04339,0.04339,0.04339,0.03597,0
2002-07-18,0.04339,0.04339,0.04339,0.04339,0.03597,0
2002-07-19,0.04339,0.04339,0.04339,0.04339,0.03597,0
2002-07-22,0.03706,0.03706,0.03706,0.03706,0.030722,22122
2002-07-23,0.03706,0.03706,0.03706,0.03706,0.030722,10622
2002-07-24,0.03706,0.03706,0.03706,0.03706,0.030722,0
2002-07-25,0.03706,0.03706,0.03706,0.03706,0.030722,0
2002-07-26,0.03706,0.03706,0.03706,0.03706,0.030722,0
2002-07-29,0.03706,0.03706,0.03706,0.03706,0.030722,0
2002-07-30,0.04972,0.04972,0.04972,0.04972,0.041218,77435
2002-07-31,0.04972,0.04972,0.04972,0.04972,0.041218,0
2002-08-01,0.04972,0.04972,0.04972,0.04972,0.041218,0
2002-08-02,0.04972,0.04972,0.04972,0.04972,0.041218,0
2002-08-05,0.04972,0.04972,0.04972,0.04972,0.041218,0
2002-08-06,0.04972,0.04972,0.04972,0.04972,0.041218,0
2002-08-07,0.04972,0.04972,0.04972,0.04972,0.041218,0
2002-08-08,0.04972,0.04972,0.04972,0.04972,0.041218,0
2002-08-09,0.04972,0.04972,0.04972,0.04972,0.041218,0
2002-08-12,0.04972,0.04972,0.04972,0.04972,0.041218,0
2002-08-13,0.04972,0.04972,0.04972,0.04972,0.041218,0
2002-08-14,0.0452,0.0452,0.0452,0.0452,0.037471,22124
2002-08-15,0.0452,0.0452,0.0452,0.0452,0.037471,88498
2002-08-16,0.0452,0.0452,0.0452,0.0452,0.037471,0
2002-08-19,0.0452,0.0452,0.0452,0.0452,0.037471,110622
2002-08-20,0.04881,0.04881,0.04881,0.04881,0.040463,17700
2002-08-21,0.04791,0.04881,0.04791,0.04881,0.040463,27656
2002-08-22,0.04881,0.04881,0.04881,0.04881,0.040463,91677
2002-08-23,0.04881,0.04881,0.04881,0.04881,0.040463,0
2002-08-26,0.04881,0.04881,0.04881,0.04881,0.040463,0
2002-08-27,0.04881,0.04881,0.04881,0.04881,0.040463,0
2002-08-28,0.04881,0.04881,0.04881,0.04881,0.040463,0
2002-08-29,0.05424,0.05424,0.05424,0.05424,0.044965,43143
2002-08-30,0.05876,0.05876,0.05876,0.05876,0.048712,8621
2002-09-02,0.05876,0.05876,0.05876,0.05876,0.048712,0
2002-09-03,0.05876,0.05876,0.05876,0.05876,0.048712,31601
2002-09-04,0.05876,0.05876,0.05876,0.05876,0.048712,0
2002-09-05,0.05876,0.05876,0.05876,0.05876,0.048712,0
2002-09-06,0.05876,0.05876,0.05876,0.05876,0.048712,0
2002-09-09,0.05876,0.05876,0.05876,0.05876,0.048712,0
2002-09-10,0.05876,0.05876,0.05876,0.05876,0.048712,0
2002-09-11,0.05876,0.05876,0.05876,0.05876,0.048712,0
2002-09-12,0.05876,0.05876,0.05876,0.05876,0.048712,0
2002-09-13,0.05876,0.05876,0.05876,0.05876,0.048712,0
2002-09-16,0.05876,0.05876,0.05876,0.05876,0.048712,0
2002-09-17,0.05876,0.05876,0.05876,0.05876,0.048712,0
2002-09-18,0.0452,0.0452,0.0452,0.0452,0.037471,27656
2002-09-19,0.0452,0.0452,0.0452,0.0452,0.037471,0
2002-09-20,0.0452,0.0452,0.0452,0.0452,0.037471,0
2002-09-23,0.0452,0.0452,0.0452,0.0452,0.037471,0
2002-09-24,0.0452,0.0452,0.04068,0.04068,0.033723,121684
2002-09-25,0.04068,0.04068,0.04068,0.04068,0.033723,0
2002-09-26,0.04068,0.04068,0.04068,0.04068,0.033723,0
2002-09-27,0.04068,0.04068,0.04068,0.04068,0.033723,82967
2002-09-30,0.04068,0.04068,0.04068,0.04068,0.033723,0
2002-10-01,0.04068,0.04068,0.04068,0.04068,0.033723,0
2002-10-02,0.04068,0.04068,0.04068,0.04068,0.033723,18806
2002-10-03,0.04068,0.04068,0.04068,0.04068,0.033723,22124
2002-10-04,0.05153,0.05153,0.05153,0.05153,0.042718,110622
2002-10-07,0.04339,0.04339,0.04339,0.04339,0.03597,19912
2002-10-08,0.04339,0.04339,0.04339,0.04339,0.03597,0
2002-10-09,0.04339,0.04339,0.04339,0.04339,0.03597,0
2002-10-10,0.04339,0.04339,0.04339,0.04339,0.03597,0
2002-10-11,0.04339,0.04339,0.04339,0.04339,0.03597,0
2002-10-14,0.04339,0.04339,0.04339,0.04339,0.03597,15487
2002-10-15,0.04339,0.04339,0.04339,0.04339,0.03597,0
2002-10-16,0.04339,0.0452,0.04339,0.0452,0.037471,75223
2002-10-17,0.0452,0.0452,0.0452,0.0452,0.037471,0
2002-10-18,0.04972,0.04972,0.04972,0.04972,0.041218,442488
2002-10-21,0.06618,0.06618,0.04866,0.04866,0.040339,0
2002-10-22,0.06423,0.06423,0.04866,0.04866,0.040339,0
2002-10-23,0.04972,0.04972,0.04972,0.04972,0.041218,0
2002-10-24,0.05424,0.05424,0.05424,0.05424,0.044965,13275
2002-10-25,0.05876,0.05876,0.05424,0.05424,0.044965,398239
2002-10-27,0.05839,0.05839,0.05644,0.05644,0.046788,0
2002-10-28,0.06618,0.06618,0.05644,0.05644,0.046788,0
2002-10-29,0.06423,0.06423,0.05644,0.05644,0.046788,0
2002-10-30,0.05876,0.05876,0.05876,0.05876,0.048712,22124
2002-10-31,0.06618,0.06618,0.05644,0.05644,0.046788,0
2002-11-03,0.05876,0.05876,0.05876,0.05876,0.048712,27656
2002-11-04,0.06618,0.06618,0.05839,0.05839,0.048405,0
2002-11-05,0.06618,0.06618,0.05839,0.05839,0.048405,0
2002-11-06,0.0652,0.0652,0.05839,0.05839,0.048405,0
2002-11-07,0.06057,0.06328,0.06057,0.06328,0.052459,193589
2002-11-10,0.0678,0.07232,0.0678,0.07232,0.059953,77435
2002-11-11,0.07684,0.07684,0.07684,0.07684,0.0637,44249
2002-11-12,0.08226,0.09944,0.08226,0.0904,0.074941,449126
2002-11-13,0.0904,0.09944,0.0904,0.09492,0.078688,450508
2002-11-14,0.09944,0.09944,0.09944,0.09944,0.082435,169295
2002-11-17,0.10848,0.10848,0.10848,0.10848,0.089929,101176
2002-11-18,0.11678,0.11678,0.10705,0.10705,0.088744,0
2002-11-19,0.09944,0.09944,0.08136,0.0904,0.074941,385794
2002-11-20,0.0904,0.0904,0.08588,0.08588,0.071194,110622
2002-11-21,0.08136,0.08136,0.07955,0.07955,0.065946,165933
2002-11-24,0.08136,0.09944,0.08136,0.09944,0.082435,121684
2002-11-25,0.0904,0.0904,0.0904,0.0904,0.074941,387177
2002-11-26,0.08136,0.08136,0.08136,0.08136,0.067447,110622
2002-11-27,0.08136,0.08136,0.08136,0.08136,0.067447,66373
2002-11-28,0.08136,0.08136,0.08136,0.08136,0.067447,0
2002-12-01,0.08136,0.08136,0.08136,0.08136,0.067447,0
2002-12-02,0.08136,0.08136,0.08136,0.08136,0.067447,162393
2002-12-03,0.08136,0.08136,0.08136,0.08136,0.067447,114162
2002-12-04,0.08136,0.08136,0.08136,0.08136,0.067447,0
2002-12-05,0.08588,0.08588,0.08588,0.08588,0.071194,186951
2002-12-08,0.08588,0.08588,0.08588,0.08588,0.071194,0
2002-12-09,0.08588,0.08588,0.08136,0.08136,0.067447,222350
2002-12-10,0.08136,0.08136,0.08136,0.08136,0.067447,0
2002-12-11,0.08136,0.08136,0.08136,0.08136,0.067447,50886
2002-12-12,0.08136,0.08136,0.0687,0.07684,0.0637,23231
2002-12-15,0.09245,0.09245,0.07785,0.07785,0.064537,0
2002-12-16,0.08759,0.08759,0.07785,0.07785,0.064537,0
2002-12-17,0.08759,0.08759,0.07785,0.07785,0.064537,0
2002-12-18,0.08759,0.08759,0.07785,0.07785,0.064537,0
2002-12-19,0.07684,0.07684,0.07684,0.07684,0.0637,165933
2002-12-22,0.08759,0.08759,0.07785,0.07785,0.064537,0
2002-12-23,0.08759,0.08759,0.07785,0.07785,0.064537,0
2002-12-24,,,,,,
2002-12-25,,,,,,
2002-12-26,0.08136,0.08136,0.08136,0.08136,0.067447,120578
2002-12-29,0.08136,0.08136,0.08136,0.08136,0.067447,0
2002-12-30,0.08136,0.08136,0.08136,0.08136,0.067447,27656
2002-12-31,,,,,,
2003-01-01,0.08136,0.08136,0.08136,0.08136,0.067447,0
2003-01-02,0.08136,0.08136,0.08136,0.08136,0.067447,0
2003-01-05,0.08136,0.08136,0.08136,0.08136,0.067447,0
2003-01-06,0.08759,0.08759,0.08272,0.08272,0.068574,0
2003-01-07,0.07684,0.07684,0.07684,0.07684,0.0637,55311
2003-01-08,0.08136,0.08136,0.08136,0.08136,0.067447,57523
2003-01-09,0.08136,0.08136,0.08136,0.08136,0.067447,0
2003-01-12,0.07684,0.07684,0.07684,0.07684,0.0637,11062
2003-01-13,0.07684,0.07684,0.07684,0.07684,0.0637,0
2003-01-14,0.07684,0.07684,0.07684,0.07684,0.0637,0
2003-01-15,0.08136,0.08136,0.08136,0.08136,0.067447,82967
2003-01-16,0.08136,0.08136,0.08136,0.08136,0.067447,55311
2003-01-19,0.07684,0.07684,0.07684,0.07684,0.0637,221244
2003-01-20,0.07684,0.07684,0.07684,0.07684,0.0637,0
2003-01-21,0.07684,0.07684,0.07684,0.07684,0.0637,55311
2003-01-22,0.07684,0.07684,0.07684,0.07684,0.0637,0
2003-01-23,0.07684,0.07684,0.07684,0.07684,0.0637,0
2003-01-26,,,,,,
2003-01-27,0.07684,0.07684,0.07684,0.07684,0.0637,0
2003-01-28,0.07684,0.07684,0.07684,0.07684,0.0637,0
2003-01-29,0.07684,0.07684,0.07684,0.07684,0.0637,0
2003-01-30,0.06328,0.07684,0.06328,0.07684,0.0637,88498
2003-02-02,0.07232,0.07684,0.07232,0.07684,0.0637,44249
2003-02-03,0.07684,0.07684,0.07684,0.07684,0.0637,0
2003-02-04,0.07684,0.07684,0.07684,0.07684,0.0637,53099
2003-02-05,0.07684,0.07684,0.07684,0.07684,0.0637,0
2003-02-06,0.07684,0.07684,0.07684,0.07684,0.0637,0
2003-02-09,0.07684,0.07684,0.07232,0.07232,0.059953,79648
2003-02-10,0.07232,0.07232,0.07232,0.07232,0.059953,0
2003-02-11,0.07232,0.07232,0.07232,0.07232,0.059953,33187
2003-02-12,0.07232,0.07232,0.07232,0.07232,0.059953,0
2003-02-13,0.07232,0.07232,0.07232,0.07232,0.059953,0
2003-02-16,0.07232,0.07232,0.07232,0.07232,0.059953,0
2003-02-17,0.07232,0.07232,0.07232,0.07232,0.059953,0
2003-02-18,0.07232,0.07232,0.07232,0.07232,0.059953,0
2003-02-19,0.07232,0.07232,0.07232,0.07232,0.059953,0
2003-02-20,0.07232,0.07232,0.07232,0.07232,0.059953,132746
2003-02-23,0.07051,0.07232,0.07051,0.07232,0.059953,110622
2003-02-24,0.07232,0.07232,0.07232,0.07232,0.059953,88498
2003-02-25,0.07232,0.07232,0.07232,0.07232,0.059953,0
2003-02-26,0.07232,0.07232,0.07232,0.07232,0.059953,0
2003-02-27,0.07232,0.07232,0.07232,0.07232,0.059953,0
2003-03-02,0.07232,0.07232,0.07232,0.07232,0.059953,0
2003-03-03,0.07232,0.07232,0.07232,0.07232,0.059953,0
2003-03-04,0.07232,0.07232,0.07232,0.07232,0.059953,0
2003-03-05,0.07232,0.07232,0.07232,0.07232,0.059953,0
2003-03-06,0.07232,0.07232,0.07232,0.07232,0.059953,22124
2003-03-09,0.07322,0.07684,0.07232,0.07232,0.059953,817409
2003-03-10,0.07232,0.07232,0.07232,0.07232,0.059953,0
2003-03-11,0.07141,0.07141,0.07141,0.07141,0.059198,7080
2003-03-12,0.07141,0.07141,0.07141,0.07141,0.059198,0
2003-03-13,0.06328,0.06328,0.05876,0.05876,0.048712,286257
2003-03-16,0.05876,0.05876,0.05876,0.05876,0.048712,0
2003-03-17,0.05876,0.05876,0.05876,0.05876,0.048712,0
2003-03-18,0.06418,0.06418,0.06328,0.06328,0.052459,235185
2003-03-19,0.06328,0.0678,0.06328,0.0678,0.056206,136729
2003-03-20,0.07232,0.07232,0.07232,0.07232,0.059953,36005
2003-03-23,0.07232,0.07232,0.07232,0.07232,0.059953,0
2003-03-24,0.07232,0.07232,0.07232,0.07232,0.059953,0
2003-03-25,0.07232,0.07232,0.07232,0.07232,0.059953,0
2003-03-26,0.07232,0.07232,0.07232,0.07232,0.059953,0
2003-03-27,0.0678,0.07232,0.0678,0.07232,0.059953,221244
2003-03-31,0.07232,0.07232,0.07232,0.07232,0.059953,0
2003-04-01,0.07232,0.07232,0.07232,0.07232,0.059953,0
2003-04-02,0.07232,0.07232,0.07232,0.07232,0.059953,0
2003-04-03,0.07232,0.07232,0.07232,0.07232,0.059953,0
2003-04-04,0.07232,0.07232,0.07232,0.07232,0.059953,0
2003-04-07,0.07232,0.07232,0.07232,0.07232,0.059953,0
2003-04-08,0.07232,0.07232,0.07232,0.07232,0.059953,0
2003-04-09,0.0678,0.0678,0.0678,0.0678,0.056206,221244
2003-04-10,0.0678,0.0678,0.0678,0.0678,0.056206,0
2003-04-11,0.0678,0.0678,0.0678,0.0678,0.056206,0
2003-04-14,0.0678,0.0678,0.0678,0.0678,0.056206,0
2003-04-15,0.06057,0.06057,0.06057,0.06057,0.050212,22124
2003-04-16,0.06057,0.06057,0.06057,0.06057,0.050212,0
2003-04-17,0.06057,0.06057,0.06057,0.06057,0.050212,0
2003-04-18,,,,,,
2003-04-21,,,,,,
2003-04-22,0.06057,0.06057,0.06057,0.06057,0.050212,0
2003-04-23,0.05876,0.05876,0.05876,0.05876,0.048712,221244
2003-04-24,0.05876,0.05876,0.05876,0.05876,0.048712,172239
2003-04-25,,,,,,
2003-04-28,0.05876,0.05876,0.05876,0.05876,0.048712,222129
2003-04-29,0.05876,0.05876,0.05424,0.05424,0.044965,167924
2003-04-30,0.06326,0.06326,0.05352,0.05352,0.044368,0
2003-05-01,0.06326,0.06326,0.05352,0.05352,0.044368,0
2003-05-02,0.05424,0.05424,0.05424,0.05424,0.044965,22124
2003-05-05,0.04972,0.04972,0.04972,0.04972,0.041218,105091
2003-05-06,0.05424,0.05424,0.05424,0.05424,0.044965,22124
2003-05-07,0.05839,0.05839,0.05352,0.05352,0.044368,0
2003-05-08,0.05839,0.05839,0.05352,0.05352,0.044368,0
2003-05-09,0.04972,0.04972,0.0461,0.0461,0.038217,89604
2003-05-12,0.0461,0.0461,0.0461,0.0461,0.038217,0
2003-05-13,0.0461,0.0461,0.0461,0.0461,0.038217,11062
2003-05-14,0.05424,0.05424,0.05424,0.05424,0.044965,121684
2003-05-15,0.05424,0.05424,0.05424,0.05424,0.044965,0
2003-05-16,0.05424,0.05424,0.05424,0.05424,0.044965,0
2003-05-19,0.05424,0.05424,0.05424,0.05424,0.044965,0
2003-05-20,0.05424,0.05424,0.05424,0.05424,0.044965,22124
2003-05-21,0.05424,0.05424,0.05424,0.05424,0.044965,11062
2003-05-22,0.05424,0.05424,0.05424,0.05424,0.044965,0
2003-05-23,0.05424,0.05424,0.05424,0.05424,0.044965,0
2003-05-26,0.05424,0.05424,0.05424,0.05424,0.044965,0
2003-05-27,0.05424,0.05424,0.05424,0.05424,0.044965,0
2003-05-28,0.0461,0.0461,0.0461,0.0461,0.038217,55311
2003-05-29,0.0461,0.0461,0.0461,0.0461,0.038217,0
2003-05-30,0.0461,0.0461,0.0461,0.0461,0.038217,0
2003-06-02,0.0461,0.0461,0.0461,0.0461,0.038217,0
2003-06-03,0.0461,0.0461,0.0461,0.0461,0.038217,0
2003-06-04,0.0461,0.0461,0.0461,0.0461,0.038217,0
2003-06-05,0.0461,0.0461,0.0461,0.0461,0.038217,0
2003-06-06,0.0461,0.0461,0.0461,0.0461,0.038217,0
2003-06-09,0.04963,0.04963,0.04963,0.04963,0.041143,0
2003-06-10,0.0461,0.0461,0.0461,0.0461,0.038217,143809
2003-06-11,0.0461,0.0461,0.0461,0.0461,0.038217,0
2003-06-12,0.0461,0.0461,0.0461,0.0461,0.038217,0
2003-06-13,0.0461,0.0461,0.0461,0.0461,0.038217,0
2003-06-16,0.0461,0.0461,0.0461,0.0461,0.038217,0
2003-06-17,0.0461,0.0461,0.0461,0.0461,0.038217,0
2003-06-18,0.0461,0.0461,0.0461,0.0461,0.038217,0
2003-06-19,0.0452,0.0452,0.0452,0.0452,0.037471,11062
2003-06-20,0.0452,0.0452,0.0452,0.0452,0.037471,0
2003-06-23,0.0452,0.0452,0.0452,0.0452,0.037471,0
2003-06-24,0.0452,0.0452,0.0452,0.0452,0.037471,55311
2003-06-25,0.0452,0.0452,0.0452,0.0452,0.037471,0
2003-06-26,0.0452,0.0452,0.0452,0.0452,0.037471,0
2003-06-27,0.0452,0.0452,0.0452,0.0452,0.037471,0
2003-06-30,0.0452,0.0452,0.0452,0.0452,0.037471,0
2003-07-01,0.0452,0.0452,0.0452,0.0452,0.037471,0
2003-07-02,0.0452,0.0452,0.0452,0.0452,0.037471,0
2003-07-03,0.0452,0.0452,0.0452,0.0452,0.037471,0
2003-07-04,0.0452,0.0452,0.0452,0.0452,0.037471,0
2003-07-07,0.0452,0.0452,0.0452,0.0452,0.037471,0
2003-07-08,0.0452,0.0452,0.0452,0.0452,0.037471,0
2003-07-09,0.0452,0.0452,0.0452,0.0452,0.037471,0
2003-07-10,0.0452,0.0452,0.0452,0.0452,0.037471,0
2003-07-11,0.0452,0.0452,0.0452,0.0452,0.037471,0
2003-07-14,0.0452,0.0452,0.0452,0.0452,0.037471,0
2003-07-15,0.0452,0.0452,0.0452,0.0452,0.037471,0
2003-07-16,0.0452,0.0452,0.0452,0.0452,0.037471,0
2003-07-17,0.0452,0.0452,0.0452,0.0452,0.037471,0
2003-07-18,0.0452,0.0452,0.0452,0.0452,0.037471,0
2003-07-21,0.0452,0.0452,0.0452,0.0452,0.037471,0
2003-07-22,0.0452,0.0452,0.0452,0.0452,0.037471,0
2003-07-23,0.0452,0.0452,0.0452,0.0452,0.037471,612846
2003-07-24,0.0452,0.0452,0.0452,0.0452,0.037471,4626
2003-07-25,0.0452,0.0452,0.0452,0.0452,0.037471,0
2003-07-28,0.0452,0.0452,0.0452,0.0452,0.037471,0
2003-07-29,0.0452,0.0452,0.0452,0.0452,0.037471,0
2003-07-30,0.0452,0.05062,0.0452,0.05062,0.041964,327240
2003-07-31,0.05424,0.05424,0.04972,0.04972,0.041218,894932
2003-08-01,0.04972,0.04972,0.04972,0.04972,0.041218,110622
2003-08-04,0.04972,0.04972,0.04972,0.04972,0.041218,0
2003-08-05,0.05243,0.05243,0.05153,0.05153,0.042718,221244
2003-08-06,0.05547,0.05547,0.05352,0.05352,0.044368,0
2003-08-07,0.05153,0.05153,0.05153,0.05153,0.042718,110622
2003-08-08,0.05424,0.05424,0.05424,0.05424,0.044965,165933
2003-08-11,0.05424,0.05424,0.05424,0.05424,0.044965,110622
2003-08-12,0.05839,0.05839,0.05644,0.05644,0.046788,0
2003-08-13,0.05839,0.05839,0.05644,0.05644,0.046788,0
2003-08-14,0.05605,0.05605,0.05605,0.05605,0.046465,22124
2003-08-15,0.06131,0.06131,0.05644,0.05644,0.046788,0
2003-08-18,0.05424,0.05424,0.05424,0.05424,0.044965,55311
2003-08-19,0.05424,0.05424,0.05424,0.05424,0.044965,247578
2003-08-20,0.05424,0.05424,0.05424,0.05424,0.044965,0
2003-08-21,0.05605,0.05605,0.05605,0.05605,0.046465,28977
2003-08-22,0.05424,0.05424,0.05424,0.05424,0.044965,110622
2003-08-25,0.05605,0.07232,0.05605,0.07232,0.059953,619553
2003-08-26,0.0678,0.0678,0.06328,0.06328,0.052459,359522
2003-08-27,0.0678,0.0678,0.0678,0.0678,0.056206,11062
2003-08-28,0.0678,0.0687,0.0678,0.0678,0.056206,238843
2003-08-29,0.0678,0.07141,0.0678,0.07141,0.059198,151320
2003-09-01,0.07141,0.07141,0.0678,0.0678,0.056206,62646
2003-09-02,0.0678,0.0678,0.0678,0.0678,0.056206,47976
2003-09-03,0.0678,0.0678,0.0678,0.0678,0.056206,145613
2003-09-04,0.07299,0.07299,0.06812,0.06812,0.056471,0
2003-09-05,0.07299,0.07299,0.06812,0.06812,0.056471,0
2003-09-08,0.0678,0.0678,0.0678,0.0678,0.056206,2266447
2003-09-09,0.0678,0.0678,0.0678,0.0678,0.056206,0
2003-09-10,0.07232,0.07232,0.07232,0.07232,0.059953,111075
2003-09-11,0.0678,0.0678,0.0678,0.0678,0.056206,396027
2003-09-12,0.0678,0.0678,0.0678,0.0678,0.056206,331866
2003-09-15,0.0678,0.0678,0.0678,0.0678,0.056206,0
2003-09-16,0.07232,0.07232,0.0678,0.0678,0.056206,121684
2003-09-17,0.0678,0.0678,0.0678,0.0678,0.056206,0
2003-09-18,0.07413,0.07684,0.07413,0.07684,0.0637,71907
2003-09-19,0.07684,0.07684,0.07684,0.07684,0.0637,0
2003-09-22,0.0798,0.0798,0.07396,0.07396,0.061312,0
2003-09-23,0.0798,0.0798,0.07493,0.07493,0.062116,0
2003-09-24,0.06961,0.06961,0.06328,0.06328,0.052459,430322
2003-09-25,0.07232,0.07232,0.07232,0.07232,0.059953,110622
2003-09-26,0.07232,0.07232,0.07232,0.07232,0.059953,0
2003-09-29,0.07232,0.07232,0.07232,0.07232,0.059953,0
2003-09-30,0.07232,0.07232,0.07232,0.07232,0.059953,35399
2003-10-01,0.07232,0.07232,0.07232,0.07232,0.059953,0
2003-10-02,0.07232,0.07232,0.07232,0.07232,0.059953,0
2003-10-03,0.07232,0.07232,0.07232,0.07232,0.059953,0
2003-10-06,0.07232,0.07232,0.07232,0.07232,0.059953,0
2003-10-07,0.06328,0.06328,0.06328,0.06328,0.052459,110622
2003-10-08,0.05966,0.05966,0.05966,0.05966,0.049458,178001
2003-10-09,0.05966,0.05966,0.05966,0.05966,0.049458,0
2003-10-10,0.05966,0.05966,0.05966,0.05966,0.049458,0
2003-10-13,0.05966,0.05966,0.05966,0.05966,0.049458,0
2003-10-14,0.06237,0.06237,0.06237,0.06237,0.051704,116153
2003-10-15,0.06237,0.06237,0.06237,0.06237,0.051704,25443
2003-10-16,0.06237,0.06237,0.06237,0.06237,0.051704,0
2003-10-17,0.06237,0.06237,0.06237,0.06237,0.051704,0
2003-10-20,0.06237,0.06237,0.06237,0.06237,0.051704,0
2003-10-21,0.07201,0.07201,0.0652,0.0652,0.05405,0
2003-10-22,0.06057,0.06057,0.05966,0.05966,0.049458,106067
2003-10-23,0.05966,0.05966,0.05876,0.05876,0.048712,101772
2003-10-24,0.05876,0.05876,0.05876,0.05876,0.048712,110622
2003-10-26,0.05876,0.05876,0.05876,0.05876,0.048712,4198
2003-10-27,0.05424,0.05424,0.05424,0.05424,0.044965,23457
2003-10-28,0.06237,0.06237,0.05424,0.05424,0.044965,248900
2003-10-29,0.05839,0.05839,0.05352,0.05352,0.044368,0
2003-10-30,0.05424,0.05424,0.04972,0.04972,0.041218,75223
2003-11-02,0.06328,0.07232,0.06147,0.07051,0.058452,1562602
2003-11-03,0.07051,0.07232,0.0678,0.0678,0.056206,628333
2003-11-04,0.06961,0.08497,0.06961,0.08497,0.07044,2084582
2003-11-05,0.0904,0.09492,0.07865,0.07865,0.0652,3522361
2003-11-06,0.08407,0.08588,0.07774,0.07865,0.0652,949690
2003-11-09,0.07684,0.07684,0.07413,0.07684,0.0637,653046
2003-11-10,0.07684,0.08045,0.07684,0.08045,0.066693,270095
2003-11-11,0.08136,0.08588,0.08136,0.08588,0.071194,805823
2003-11-12,0.08859,0.09492,0.08859,0.0904,0.074941,1674722
2003-11-13,0.09492,0.10848,0.09492,0.09492,0.078688,1949073
2003-11-16,0.10848,0.10848,0.09492,0.09492,0.078688,1306451
2003-11-17,0.09944,0.09944,0.0904,0.09492,0.078688,1211043
2003-11-18,0.09492,0.09492,0.08769,0.08769,0.072694,658330
2003-11-19,0.08588,0.08588,0.08136,0.08136,0.067447,409805
2003-11-20,0.08317,0.08769,0.08136,0.08769,0.072694,696814
2003-11-23,0.08769,0.08769,0.08497,0.08497,0.07044,243369
2003-11-24,0.08588,0.08588,0.08317,0.08317,0.068947,445606
2003-11-25,0.08588,0.09944,0.08588,0.0904,0.074941,1259985
2003-11-26,0.0904,0.09492,0.0904,0.09492,0.078688,687859
2003-11-27,0.0904,0.0904,0.0904,0.0904,0.074941,221244
2003-11-30,0.09492,0.09944,0.09492,0.09492,0.078688,231156
2003-12-01,0.09492,0.09492,0.0904,0.0904,0.074941,111773
2003-12-02,0.09492,0.09492,0.09492,0.09492,0.078688,44249
2003-12-03,0.0904,0.0904,0.08859,0.08859,0.073441,308634
2003-12-04,0.08859,0.08949,0.08769,0.08769,0.072694,218931
2003-12-07,0.08859,0.09492,0.08859,0.0904,0.074941,241258
2003-12-08,0.0904,0.0904,0.0904,0.0904,0.074941,331866
2003-12-09,0.0904,0.09492,0.0904,0.09492,0.078688,1061972
2003-12-10,0.09492,0.11752,0.09492,0.10396,0.086182,1571556
2003-12-11,0.10396,0.10396,0.10396,0.10396,0.086182,150935
2003-12-14,0.10396,0.10396,0.09944,0.09944,0.082435,592934
2003-12-15,0.09944,0.09944,0.09944,0.09944,0.082435,48361
2003-12-16,0.09944,0.09944,0.09492,0.09492,0.078688,290356
2003-12-17,0.09492,0.09944,0.09492,0.09944,0.082435,211347
2003-12-18,0.10705,0.10705,0.10218,0.10218,0.084707,0
2003-12-21,0.09944,0.09944,0.09944,0.09944,0.082435,82967
2003-12-22,0.09944,0.09944,0.09944,0.09944,0.082435,44861
2003-12-23,0.09944,0.09944,0.09944,0.09944,0.082435,121073
2003-12-24,0.10705,0.10705,0.10705,0.10705,0.088744,0
2003-12-25,0.10705,0.10705,0.10705,0.10705,0.088744,0
2003-12-28,0.09944,0.09944,0.09492,0.09944,0.082435,171464
2003-12-29,0.09944,0.09944,0.09944,0.09944,0.082435,0
2003-12-30,0.09944,0.09944,0.09944,0.09944,0.082435,50278
2003-12-31,0.10705,0.10705,0.10705,0.10705,0.088744,0
2004-01-01,0.09944,0.09944,0.09944,0.09944,0.082435,85179
2004-01-04,0.09944,0.10396,0.09944,0.09944,0.082435,84740
2004-01-05,0.09944,0.09944,0.09492,0.09492,0.078688,152105
2004-01-06,0.09492,0.09492,0.09492,0.09492,0.078688,27656
2004-01-07,0.09492,0.09492,0.09492,0.09492,0.078688,0
2004-01-08,0.09492,0.09492,0.09492,0.09492,0.078688,38718
2004-01-11,0.09944,0.09944,0.09944,0.09944,0.082435,113351
2004-01-12,0.09944,0.09944,0.09944,0.09944,0.082435,27656
2004-01-13,0.10396,0.10396,0.10396,0.10396,0.086182,114530
2004-01-14,0.10396,0.11752,0.10396,0.11752,0.097423,646052
2004-01-15,0.11752,0.11752,0.10848,0.10848,0.089929,386071
2004-01-18,0.10848,0.10848,0.10396,0.10396,0.086182,276555
2004-01-19,0.10396,0.113,0.10396,0.10396,0.086182,642714
2004-01-20,0.10848,0.10848,0.10848,0.10848,0.089929,13275
2004-01-21,0.11752,0.11752,0.113,0.113,0.093676,27656
2004-01-22,0.10848,0.10848,0.10848,0.10848,0.089929,304211
2004-01-25,0.11678,0.11678,0.11678,0.11678,0.09681,0
2004-01-26,0.10396,0.10396,0.10396,0.10396,0.086182,42445
2004-01-27,0.10396,0.10848,0.10396,0.10396,0.086182,324193
2004-01-28,0.09944,0.09944,0.09944,0.09944,0.082435,283192
2004-01-29,0.09944,0.09944,0.09944,0.09944,0.082435,69692
2004-02-01,0.09492,0.09944,0.09492,0.09944,0.082435,60289
2004-02-02,0.10705,0.10705,0.10218,0.10218,0.084707,0
2004-02-03,0.09944,0.09944,0.09944,0.09944,0.082435,46824
2004-02-04,0.09492,0.09492,0.0904,0.0904,0.074941,26549
2004-02-05,0.0904,0.09944,0.0904,0.0904,0.074941,113941
2004-02-08,0.08949,0.0904,0.08949,0.0904,0.074941,187097
2004-02-09,0.0904,0.0904,0.0904,0.0904,0.074941,0
2004-02-10,0.08949,0.08949,0.08407,0.08407,0.069693,121684
2004-02-11,0.08678,0.08678,0.08678,0.08678,0.07194,33187
2004-02-12,0.08678,0.08678,0.08678,0.08678,0.07194,110622
2004-02-15,0.08678,0.08678,0.08678,0.08678,0.07194,0
2004-02-16,0.0904,0.0904,0.08407,0.08407,0.069693,165933
2004-02-17,0.08588,0.08949,0.08588,0.08949,0.074187,38718
2004-02-18,0.08678,0.0904,0.08588,0.0904,0.074941,72865
2004-02-19,0.0904,0.0904,0.0904,0.0904,0.074941,0
2004-02-22,0.0904,0.0904,0.0904,0.0904,0.074941,0
2004-02-23,0.08588,0.0904,0.08407,0.0904,0.074941,199120
2004-02-24,0.0904,0.09492,0.0904,0.09492,0.078688,44249
2004-02-25,0.08407,0.0904,0.08407,0.0904,0.074941,133853
2004-02-26,0.0904,0.0904,0.08136,0.08136,0.067447,288724
2004-02-29,0.08136,0.08588,0.08136,0.08588,0.071194,154860
2004-03-01,0.08136,0.08588,0.08136,0.08588,0.071194,143809
2004-03-02,0.08136,0.08136,0.07684,0.07684,0.0637,153494
2004-03-03,0.07232,0.07774,0.07232,0.07774,0.064446,195801
2004-03-04,0.07865,0.07865,0.07865,0.07865,0.0652,497799
2004-03-07,0.08949,0.09492,0.08497,0.08769,0.072694,1789865
2004-03-08,0.0904,0.09492,0.08949,0.09492,0.078688,479999
2004-03-09,0.09492,0.09944,0.09492,0.09492,0.078688,343029
2004-03-10,0.0904,0.0904,0.0904,0.0904,0.074941,357309
2004-03-11,0.0904,0.0904,0.08588,0.08588,0.071194,546643
2004-03-14,0.08588,0.08588,0.08588,0.08588,0.071194,0
2004-03-15,0.08588,0.08588,0.08588,0.08588,0.071194,58630
2004-03-16,0.08769,0.0904,0.08678,0.0904,0.074941,170448
2004-03-17,0.08678,0.08678,0.08678,0.08678,0.07194,55311
2004-03-18,0.08678,0.0904,0.08678,0.0904,0.074941,160402
2004-03-21,0.0904,0.0904,0.08678,0.08678,0.07194,65267
2004-03-22,0.0904,0.0904,0.0904,0.0904,0.074941,5531
2004-03-23,0.08949,0.08949,0.08588,0.08588,0.071194,94029
2004-03-24,0.08678,0.08678,0.08588,0.08588,0.071194,217505
2004-03-25,0.08588,0.08588,0.08588,0.08588,0.071194,33607
2004-03-29,0.08588,0.0904,0.08588,0.08678,0.07194,326578
2004-03-30,0.0904,0.0904,0.0904,0.0904,0.074941,5531
2004-03-31,0.08769,0.0904,0.08769,0.0904,0.074941,110622
2004-04-01,0.08497,0.08497,0.08497,0.08497,0.07044,22124
2004-04-02,0.08497,0.08497,0.08497,0.08497,0.07044,0
2004-04-05,0.08497,0.08497,0.08497,0.08497,0.07044,0
2004-04-06,0.08497,0.08497,0.08497,0.08497,0.07044,0
2004-04-07,0.08136,0.08136,0.07955,0.07955,0.065946,99560
2004-04-08,0.07955,0.07955,0.07955,0.07955,0.065946,0
2004-04-09,,,,,,
2004-04-12,,,,,,
2004-04-13,0.07955,0.07955,0.07955,0.07955,0.065946,0
2004-04-14,0.07955,0.07955,0.07955,0.07955,0.065946,0
2004-04-15,0.08136,0.08136,0.08136,0.08136,0.067447,55311
2004-04-16,0.08588,0.0904,0.08588,0.0904,0.074941,110622
2004-04-19,0.08226,0.08226,0.08226,0.08226,0.068193,115891
2004-04-20,0.08226,0.08226,0.08226,0.08226,0.068193,0
2004-04-21,0.08407,0.08949,0.08407,0.08949,0.074187,90157
2004-04-22,0.08226,0.08226,0.08226,0.08226,0.068193,22124
2004-04-23,0.08226,0.08678,0.08136,0.08678,0.07194,105091
2004-04-26,0.08678,0.08678,0.08678,0.08678,0.07194,0
2004-04-27,0.08678,0.08678,0.08678,0.08678,0.07194,0
2004-04-28,0.08678,0.08678,0.08678,0.08678,0.07194,0
2004-04-29,0.08588,0.08859,0.08588,0.08859,0.073441,320804
2004-04-30,0.08859,0.08859,0.08859,0.08859,0.073441,0
2004-05-03,0.08678,0.08678,0.08678,0.08678,0.07194,69139
2004-05-04,0.08407,0.08678,0.08407,0.08678,0.07194,55311
2004-05-05,0.08588,0.08588,0.08317,0.08317,0.068947,60842
2004-05-06,0.08317,0.08317,0.08317,0.08317,0.068947,42036
2004-05-07,0.08317,0.08317,0.08317,0.08317,0.068947,0
2004-05-10,0.08136,0.08136,0.08045,0.08045,0.066693,132746
2004-05-11,0.08045,0.08045,0.08045,0.08045,0.066693,0
2004-05-12,0.08045,0.08045,0.08045,0.08045,0.066693,0
2004-05-13,0.08317,0.08317,0.08317,0.08317,0.068947,110622
2004-05-14,0.08045,0.08045,0.08045,0.08045,0.066693,110622
2004-05-17,0.08045,0.08045,0.08045,0.08045,0.066693,66373
2004-05-18,0.08136,0.08136,0.08045,0.08045,0.066693,191638
2004-05-19,0.07322,0.07322,0.07232,0.07232,0.059953,141898
2004-05-20,0.07232,0.07232,0.07232,0.07232,0.059953,0
2004-05-21,0.07232,0.07232,0.07232,0.07232,0.059953,123595
2004-05-24,0.07232,0.07684,0.07232,0.07593,0.062945,106197
2004-05-25,0.07232,0.07684,0.07232,0.07684,0.0637,349596
2004-05-26,0.07684,0.07684,0.07684,0.07684,0.0637,0
2004-05-27,0.07774,0.07774,0.07774,0.07774,0.064446,221244
2004-05-28,0.08136,0.08136,0.08136,0.08136,0.067447,154871
2004-05-31,0.08136,0.08136,0.08136,0.08136,0.067447,0
2004-06-01,0.08136,0.08136,0.08045,0.08045,0.066693,143809
2004-06-02,0.08136,0.08407,0.08136,0.08407,0.069693,110622
2004-06-03,0.08407,0.08407,0.08407,0.08407,0.069693,49780
2004-06-04,0.08407,0.08407,0.08136,0.08226,0.068193,675901
2004-06-07,0.08226,0.08226,0.08136,0.08136,0.067447,33187
2004-06-08,0.08136,0.08136,0.08136,0.08136,0.067447,22124
2004-06-09,0.08136,0.08136,0.08045,0.08045,0.066693,49780
2004-06-10,0.08136,0.08136,0.08136,0.08136,0.067447,55311
2004-06-11,0.08045,0.08045,0.08045,0.08045,0.066693,67479
2004-06-14,0.08661,0.08661,0.08661,0.08661,0.071799,0
2004-06-15,0.08045,0.08045,0.08045,0.08045,0.066693,140490
2004-06-16,0.08045,0.08045,0.08045,0.08045,0.066693,42036
2004-06-17,0.07955,0.07955,0.07232,0.07322,0.060699,185845
2004-06-18,0.07322,0.07322,0.07322,0.07322,0.060699,33187
2004-06-21,0.07413,0.07413,0.07413,0.07413,0.061453,44249
2004-06-22,0.07322,0.07322,0.07322,0.07322,0.060699,171464
2004-06-23,0.07322,0.07322,0.07322,0.07322,0.060699,0
2004-06-24,0.07413,0.07413,0.07322,0.07322,0.060699,138278
2004-06-25,0.07413,0.07413,0.07232,0.07232,0.059953,264387
2004-06-28,0.07232,0.07232,0.07232,0.07232,0.059953,105091
2004-06-29,0.07232,0.07232,0.07232,0.07232,0.059953,36163
2004-06-30,0.06961,0.06961,0.06961,0.06961,0.057706,63341
2004-07-01,0.06961,0.06961,0.06961,0.06961,0.057706,0
2004-07-02,0.07413,0.07413,0.07413,0.07413,0.061453,8850
2004-07-05,0.07413,0.07413,0.07413,0.07413,0.061453,46461
2004-07-06,0.07413,0.07413,0.07413,0.07413,0.061453,44249
2004-07-07,0.07413,0.07413,0.07413,0.07413,0.061453,0
2004-07-08,0.07413,0.07413,0.07413,0.07413,0.061453,64161
2004-07-09,0.07413,0.07413,0.07413,0.07413,0.061453,130866
2004-07-12,0.07413,0.07413,0.07051,0.07051,0.058452,395663
2004-07-13,0.07232,0.07322,0.07232,0.07322,0.060699,168146
2004-07-14,0.07413,0.07413,0.07413,0.07413,0.061453,129428
2004-07-15,0.07684,0.07684,0.07684,0.07684,0.0637,55311
2004-07-16,0.07684,0.07684,0.07684,0.07684,0.0637,165933
2004-07-19,0.07955,0.07955,0.07955,0.07955,0.065946,116153
2004-07-20,0.07684,0.07955,0.07684,0.07955,0.065946,337397
2004-07-21,0.07955,0.07955,0.07955,0.07955,0.065946,0
2004-07-22,0.07955,0.07955,0.07955,0.07955,0.065946,0
2004-07-23,0.07955,0.07955,0.07955,0.07955,0.065946,0
2004-07-26,0.07955,0.07955,0.07684,0.07684,0.0637,41672
2004-07-27,0.07684,0.07684,0.07684,0.07684,0.0637,46825
2004-07-28,0.07684,0.07684,0.07593,0.07593,0.062945,137914
2004-07-29,0.07593,0.07593,0.07593,0.07593,0.062945,164726
2004-07-30,0.07593,0.07593,0.07593,0.07593,0.062945,0
2004-08-02,0.07684,0.07684,0.07684,0.07684,0.0637,110622
2004-08-03,0.07865,0.08949,0.07774,0.08949,0.074187,247240
2004-08-04,0.08588,0.08588,0.08588,0.08588,0.071194,110622
2004-08-05,0.08859,0.0904,0.08317,0.0904,0.074941,466830
2004-08-06,0.09944,0.09944,0.09944,0.09944,0.082435,14641
2004-08-09,0.09944,0.12656,0.09944,0.12204,0.10117,881890
2004-08-10,0.12656,0.12656,0.10848,0.11752,0.097423,721256
2004-08-11,0.11752,0.11752,0.113,0.113,0.093676,852739
2004-08-12,0.113,0.11752,0.113,0.11752,0.097423,340163
2004-08-13,0.11752,0.11752,0.113,0.113,0.093676,126210
2004-08-16,0.11752,0.11752,0.11752,0.11752,0.097423,384965
2004-08-17,0.12204,0.12204,0.11752,0.11752,0.097423,235625
2004-08-18,0.11752,0.11752,0.11752,0.11752,0.097423,149340
2004-08-19,0.11752,0.11752,0.11752,0.11752,0.097423,162471
2004-08-20,0.11752,0.12656,0.11752,0.12204,0.10117,250205
2004-08-23,0.12204,0.12204,0.12204,0.12204,0.10117,88498
2004-08-24,0.11752,0.11752,0.11752,0.11752,0.097423,414833
2004-08-25,0.11752,0.11752,0.113,0.113,0.093676,316878
2004-08-26,0.113,0.11752,0.113,0.11752,0.097423,147735
2004-08-27,0.113,0.113,0.113,0.113,0.093676,55311
2004-08-30,0.113,0.113,0.113,0.113,0.093676,221244
2004-08-31,0.113,0.113,0.10848,0.10848,0.089929,82082
2004-09-01,0.10848,0.10848,0.10848,0.10848,0.089929,0
2004-09-02,0.10848,0.10848,0.10848,0.10848,0.089929,266498
2004-09-03,0.10848,0.10848,0.10848,0.10848,0.089929,21551
2004-09-06,0.10848,0.10848,0.10396,0.10396,0.086182,503330
2004-09-07,0.10396,0.10396,0.10396,0.10396,0.086182,14223
2004-09-08,0.10396,0.10396,0.09944,0.09944,0.082435,190287
2004-09-09,0.09944,0.09944,0.09944,0.09944,0.082435,110622
2004-09-10,0.09944,0.10396,0.09944,0.10396,0.086182,265493
2004-09-13,0.09944,0.09944,0.09944,0.09944,0.082435,93144
2004-09-14,0.09944,0.10848,0.09944,0.10848,0.089929,233302
2004-09-15,0.10848,0.10848,0.10848,0.10848,0.089929,69139
2004-09-16,0.10848,0.10848,0.09944,0.09944,0.082435,63272
2004-09-17,0.09944,0.09944,0.09944,0.09944,0.082435,132857
2004-09-20,0.09944,0.09944,0.09944,0.09944,0.082435,65599
2004-09-21,0.09944,0.09944,0.09944,0.09944,0.082435,165933
2004-09-22,0.09944,0.09944,0.09944,0.09944,0.082435,664
2004-09-23,0.10396,0.10396,0.10396,0.10396,0.086182,51329
2004-09-24,0.10396,0.10396,0.10396,0.10396,0.086182,119693
2004-09-27,0.10396,0.10848,0.10396,0.10848,0.089929,36505
2004-09-28,0.10848,0.113,0.10396,0.113,0.093676,187176
2004-09-29,0.113,0.113,0.113,0.113,0.093676,0
2004-09-30,0.113,0.113,0.113,0.113,0.093676,0
2004-10-01,0.10848,0.10848,0.10848,0.10848,0.089929,55311
2004-10-04,0.10848,0.10848,0.10396,0.10396,0.086182,353991
2004-10-05,0.10396,0.10396,0.10396,0.10396,0.086182,42252
2004-10-06,0.10396,0.10848,0.09944,0.09944,0.082435,118353
2004-10-07,0.10848,0.11752,0.10848,0.11752,0.097423,427548
2004-10-08,0.113,0.11752,0.113,0.113,0.093676,64001
2004-10-11,0.11752,0.11752,0.113,0.113,0.093676,50379
2004-10-12,0.113,0.113,0.113,0.113,0.093676,40490
2004-10-13,0.10848,0.11752,0.10848,0.11752,0.097423,239680
2004-10-14,0.12656,0.12656,0.12656,0.12656,0.104917,103985
2004-10-15,0.12656,0.1356,0.12656,0.1356,0.112412,443016
2004-10-18,0.1356,0.1356,0.13108,0.1356,0.112412,211663
2004-10-19,0.1356,0.1356,0.1356,0.1356,0.112412,526455
2004-10-20,0.14012,0.14916,0.14012,0.14464,0.119906,361566
2004-10-21,0.14012,0.14012,0.1356,0.1356,0.112412,77183
2004-10-22,0.1356,0.1356,0.13108,0.13108,0.108664,76584
2004-10-25,0.13108,0.13108,0.13108,0.13108,0.108664,58593
2004-10-26,0.1356,0.1356,0.1356,0.1356,0.112412,138278
2004-10-27,0.1356,0.1356,0.1356,0.1356,0.112412,137
2004-10-28,0.1356,0.1356,0.1356,0.1356,0.112412,0
2004-10-29,0.1356,0.1356,0.13108,0.13108,0.108664,231870
2004-10-31,0.13108,0.13108,0.13108,0.13108,0.108664,0
2004-11-01,0.13108,0.13108,0.12656,0.12656,0.104917,110622
2004-11-02,0.12656,0.12656,0.12656,0.12656,0.104917,110622
2004-11-03,0.13108,0.13108,0.13108,0.13108,0.108664,27656
2004-11-04,0.13108,0.13108,0.12204,0.12204,0.10117,260460
2004-11-07,0.1356,0.1356,0.1356,0.1356,0.112412,11062
2004-11-08,0.12656,0.14012,0.12656,0.14012,0.116159,33242
2004-11-09,0.14598,0.14598,0.14598,0.14598,0.121016,0
2004-11-10,0.1356,0.1356,0.1356,0.1356,0.112412,39824
2004-11-11,0.1356,0.14012,0.1356,0.14012,0.116159,354835
2004-11-14,0.14464,0.14464,0.14012,0.14464,0.119906,316434
2004-11-15,0.14464,0.14464,0.14012,0.14464,0.119906,265493
2004-11-16,0.14464,0.14464,0.14464,0.14464,0.119906,143541
2004-11-17,0.15368,0.15368,0.14916,0.14916,0.123653,109516
2004-11-18,0.15368,0.16272,0.15368,0.16272,0.134894,474569
2004-11-21,0.17176,0.17176,0.16272,0.17176,0.142388,766371
2004-11-22,0.16272,0.16724,0.16272,0.16272,0.134894,368880
2004-11-23,0.15368,0.15368,0.15368,0.15368,0.1274,35399
2004-11-24,0.15368,0.15368,0.15368,0.15368,0.1274,110622
2004-11-25,0.15368,0.15368,0.15368,0.15368,0.1274,121684
2004-11-28,0.1582,0.1582,0.15368,0.15368,0.1274,252218
2004-11-29,0.14916,0.14916,0.14012,0.14916,0.123653,725459
2004-11-30,0.14916,0.14916,0.14916,0.14916,0.123653,49780
2004-12-01,0.15368,0.16272,0.14916,0.14916,0.123653,108410
2004-12-02,0.14916,0.14916,0.14464,0.14916,0.123653,118366
2004-12-05,0.14464,0.14464,0.14464,0.14464,0.119906,35399
2004-12-06,0.14916,0.14916,0.14916,0.14916,0.123653,123388
2004-12-07,0.14916,0.14916,0.1356,0.1356,0.112412,339603
2004-12-08,0.1356,0.14012,0.1356,0.1356,0.112412,138093
2004-12-09,0.1356,0.1356,0.1356,0.1356,0.112412,110260
2004-12-12,0.1356,0.1356,0.1356,0.1356,0.112412,55311
2004-12-13,0.12656,0.12656,0.12656,0.12656,0.104917,105091
2004-12-14,0.11752,0.11752,0.113,0.113,0.093676,136618
2004-12-15,0.11752,0.12656,0.11752,0.12656,0.104917,45189
2004-12-16,0.12656,0.12656,0.12656,0.12656,0.104917,55311
2004-12-19,0.12656,0.13108,0.12656,0.13108,0.108664,36697
2004-12-20,0.1356,0.1356,0.1356,0.1356,0.112412,73925
2004-12-21,0.12656,0.12656,0.11752,0.11752,0.097423,442488
2004-12-22,0.11752,0.11752,0.11752,0.11752,0.097423,0
2004-12-23,0.11752,0.11752,0.11752,0.11752,0.097423,0
2004-12-26,,,,,,
2004-12-27,,,,,,
2004-12-28,0.12204,0.12204,0.12204,0.12204,0.10117,44249
2004-12-29,0.12204,0.12204,0.12204,0.12204,0.10117,0
2004-12-30,0.12204,0.12204,0.12204,0.12204,0.10117,0
2005-01-03,0.12204,0.12204,0.12204,0.12204,0.10117,0
2005-01-04,0.12204,0.12204,0.12204,0.12204,0.10117,0
2005-01-05,0.13108,0.14012,0.12656,0.14012,0.116159,715172
2005-01-06,0.14012,0.14916,0.14012,0.14916,0.123653,215794
2005-01-09,0.14464,0.14464,0.14464,0.14464,0.119906,3162
2005-01-10,0.14012,0.14012,0.13108,0.13108,0.108664,39633
2005-01-11,0.1356,0.1356,0.1356,0.1356,0.112412,33187
2005-01-12,0.1356,0.1356,0.13108,0.13108,0.108664,89727
2005-01-13,0.13108,0.13108,0.12656,0.12656,0.104917,216849
2005-01-16,0.13108,0.1356,0.13108,0.13108,0.108664,143200
2005-01-17,0.13108,0.13108,0.13108,0.13108,0.108664,89604
2005-01-18,0.13108,0.13108,0.13108,0.13108,0.108664,0
2005-01-19,0.13108,0.13108,0.13108,0.13108,0.108664,0
2005-01-20,0.13108,0.13108,0.13108,0.13108,0.108664,55311
2005-01-23,0.13108,0.13108,0.13108,0.13108,0.108664,6829
2005-01-24,0.13108,0.13108,0.13108,0.13108,0.108664,33187
2005-01-26,0.13108,0.13108,0.13108,0.13108,0.108664,0
2005-01-27,0.13108,0.13108,0.13108,0.13108,0.108664,0
2005-01-30,0.13108,0.13108,0.13108,0.13108,0.108664,215713
2005-01-31,0.13108,0.13108,0.13108,0.13108,0.108664,0
2005-02-01,0.12656,0.12656,0.12656,0.12656,0.104917,57523
2005-02-02,0.13108,0.13108,0.13108,0.13108,0.108664,376115
2005-02-03,0.12204,0.12204,0.12204,0.12204,0.10117,91263
2005-02-06,0.12656,0.12656,0.12204,0.12204,0.10117,57523
2005-02-07,0.12204,0.12656,0.11752,0.11752,0.097423,558641
2005-02-08,0.12204,0.12204,0.12204,0.12204,0.10117,132746
2005-02-09,0.11752,0.11752,0.11752,0.11752,0.097423,221244
2005-02-10,0.12204,0.13108,0.12204,0.13108,0.108664,333506
2005-02-13,0.13108,0.13108,0.13108,0.13108,0.108664,60842
2005-02-14,0.12656,0.12656,0.12656,0.12656,0.104917,251902
2005-02-15,0.12656,0.12656,0.12656,0.12656,0.104917,55311
2005-02-16,0.12204,0.12204,0.12204,0.12204,0.10117,33187
2005-02-17,0.12204,0.12656,0.12204,0.12656,0.104917,231753
2005-02-20,0.12656,0.12656,0.12204,0.12204,0.10117,33740
2005-02-21,0.12204,0.12656,0.12204,0.12656,0.104917,210182
2005-02-22,0.12656,0.12656,0.12656,0.12656,0.104917,126109
2005-02-23,0.12204,0.12204,0.11752,0.11752,0.097423,348459
2005-02-24,0.11752,0.11752,0.11752,0.11752,0.097423,0
2005-02-27,0.11752,0.12204,0.11752,0.11752,0.097423,267705
2005-02-28,0.11752,0.11752,0.11752,0.11752,0.097423,0
2005-03-01,0.113,0.113,0.113,0.113,0.093676,27656
2005-03-02,0.113,0.113,0.113,0.113,0.093676,33187
2005-03-03,0.113,0.113,0.09944,0.09944,0.082435,43143
2005-03-06,0.09944,0.09944,0.09944,0.09944,0.082435,0
2005-03-07,0.10848,0.10848,0.10848,0.10848,0.089929,105091
2005-03-08,0.10396,0.10396,0.10396,0.10396,0.086182,99560
2005-03-09,0.10396,0.10396,0.10396,0.10396,0.086182,28762
2005-03-10,0.10848,0.10848,0.10848,0.10848,0.089929,109620
2005-03-13,0.10848,0.10848,0.10848,0.10848,0.089929,0
2005-03-14,0.10848,0.10848,0.09944,0.09944,0.082435,165933
2005-03-15,0.09944,0.09944,0.09944,0.09944,0.082435,44249
2005-03-16,0.09944,0.09944,0.09944,0.09944,0.082435,11588
2005-03-17,0.10848,0.10848,0.10848,0.10848,0.089929,22124
2005-03-20,0.10848,0.10848,0.10848,0.10848,0.089929,44249
2005-03-21,0.10848,0.10848,0.10848,0.10848,0.089929,0
2005-03-22,0.09944,0.10396,0.09492,0.09492,0.078688,83888
2005-03-23,0.09944,0.09944,0.09944,0.09944,0.082435,164827
2005-03-29,0.09944,0.10396,0.09944,0.10396,0.086182,131640
2005-03-30,0.09944,0.09944,0.0904,0.0904,0.074941,315273
2005-03-31,0.0904,0.0904,0.0904,0.0904,0.074941,0
2005-04-01,0.09492,0.09944,0.0904,0.09944,0.082435,287617
2005-04-04,0.09944,0.09944,0.09944,0.09944,0.082435,0
2005-04-05,0.0904,0.0904,0.0904,0.0904,0.074941,9956
2005-04-06,0.09492,0.09492,0.09492,0.09492,0.078688,11062
2005-04-07,0.09492,0.09492,0.09492,0.09492,0.078688,0
2005-04-08,0.0904,0.0904,0.0904,0.0904,0.074941,147127
2005-04-11,0.0904,0.0904,0.0904,0.0904,0.074941,36033
2005-04-12,0.0904,0.0904,0.0904,0.0904,0.074941,160402
2005-04-13,0.08769,0.0904,0.08769,0.0904,0.074941,174149
2005-04-14,0.0904,0.0904,0.0904,0.0904,0.074941,14132
2005-04-15,0.08588,0.08588,0.08588,0.08588,0.071194,16593
2005-04-18,0.08136,0.0904,0.07322,0.0904,0.074941,38718
2005-04-19,0.0904,0.0904,0.0904,0.0904,0.074941,0
2005-04-20,0.0904,0.0904,0.0904,0.0904,0.074941,0
2005-04-21,0.0904,0.0904,0.0904,0.0904,0.074941,0
2005-04-22,0.08226,0.08226,0.08226,0.08226,0.068193,13275
2005-04-26,0.08226,0.08226,0.08226,0.08226,0.068193,58630
2005-04-27,0.08136,0.08226,0.08136,0.08226,0.068193,107303
2005-04-28,0.08136,0.08136,0.08136,0.08136,0.067447,137171
2005-04-29,0.07413,0.08045,0.07322,0.08045,0.066693,173124
2005-05-02,0.08045,0.11752,0.08045,0.11752,0.097423,231200
2005-05-03,0.0904,0.0904,0.0904,0.0904,0.074941,89604
2005-05-04,0.08317,0.08317,0.07413,0.07413,0.061453,133853
2005-05-05,0.07503,0.07503,0.07503,0.07503,0.062199,16593
2005-05-06,0.07684,0.07684,0.07684,0.07684,0.0637,49780
2005-05-09,0.07684,0.07684,0.07684,0.07684,0.0637,27656
2005-05-10,0.07774,0.07774,0.07774,0.07774,0.064446,13275
2005-05-11,0.08136,0.08136,0.08136,0.08136,0.067447,25443
2005-05-12,0.08136,0.08136,0.08136,0.08136,0.067447,0
2005-05-13,0.08136,0.09492,0.08136,0.09492,0.078688,66373
2005-05-16,0.0904,0.0904,0.0904,0.0904,0.074941,55311
2005-05-17,0.08136,0.08136,0.08136,0.08136,0.067447,110622
2005-05-18,0.08136,0.08136,0.08136,0.08136,0.067447,0
2005-05-19,0.0904,0.0904,0.0904,0.0904,0.074941,55311
2005-05-20,0.0904,0.0904,0.0904,0.0904,0.074941,0
2005-05-23,0.0904,0.0904,0.0904,0.0904,0.074941,0
2005-05-24,0.0904,0.0904,0.0904,0.0904,0.074941,0
2005-05-25,0.0904,0.0904,0.0904,0.0904,0.074941,0
2005-05-26,0.0904,0.0904,0.0904,0.0904,0.074941,143809
2005-05-27,0.0904,0.10848,0.0904,0.10848,0.089929,90166
2005-05-30,0.10396,0.10396,0.09944,0.10396,0.086182,75927
2005-05-31,0.10396,0.10396,0.10396,0.10396,0.086182,0
2005-06-01,0.09944,0.10848,0.09944,0.10848,0.089929,110624
2005-06-02,0.10848,0.10848,0.10848,0.10848,0.089929,0
2005-06-03,0.11191,0.11191,0.11191,0.11191,0.092773,0
2005-06-06,0.11191,0.11191,0.11191,0.11191,0.092773,0
2005-06-07,0.10396,0.10396,0.0904,0.0904,0.074941,137910
2005-06-08,0.0904,0.0904,0.0904,0.0904,0.074941,0
2005-06-09,0.0904,0.0904,0.0904,0.0904,0.074941,0
2005-06-10,0.0904,0.0904,0.0904,0.0904,0.074941,0
2005-06-14,0.09492,0.09492,0.08769,0.08769,0.072694,49128
2005-06-15,0.08859,0.08859,0.08859,0.08859,0.073441,22124
2005-06-16,0.08769,0.08769,0.08769,0.08769,0.072694,21018
2005-06-17,0.08949,0.08949,0.08949,0.08949,0.074187,138831
2005-06-20,0.08949,0.08949,0.08859,0.08859,0.073441,192482
2005-06-21,0.08588,0.08588,0.08497,0.08588,0.071194,94914
2005-06-22,0.08588,0.08588,0.08588,0.08588,0.071194,0
2005-06-23,0.08588,0.08588,0.08588,0.08588,0.071194,1106
2005-06-24,0.08588,0.08588,0.08588,0.08588,0.071194,70430
2005-06-27,0.08859,0.0904,0.08859,0.0904,0.074941,110622
2005-06-28,0.08588,0.08588,0.08136,0.08136,0.067447,77435
2005-06-29,0.08136,0.08136,0.08136,0.08136,0.067447,93501
2005-06-30,0.07955,0.07955,0.07865,0.07865,0.0652,352527
2005-07-01,0.08588,0.08588,0.08588,0.08588,0.071194,17036
2005-07-04,0.08136,0.08136,0.08136,0.08136,0.067447,38718
2005-07-05,0.07955,0.07955,0.07955,0.07955,0.065946,35288
2005-07-06,0.07955,0.07955,0.07955,0.07955,0.065946,0
2005-07-07,0.08136,0.08588,0.07774,0.07774,0.064446,170469
2005-07-08,0.07865,0.07865,0.07865,0.07865,0.0652,183633
2005-07-11,0.07774,0.07774,0.07774,0.07774,0.064446,6124
2005-07-12,0.07774,0.07774,0.07774,0.07774,0.064446,110622
2005-07-13,0.07774,0.07774,0.07684,0.07684,0.0637,256643
2005-07-14,0.07684,0.07684,0.07684,0.07684,0.0637,0
2005-07-15,0.07684,0.07684,0.07684,0.07684,0.0637,0
2005-07-18,0.07684,0.07684,0.07684,0.07684,0.0637,110622
2005-07-19,0.08136,0.08136,0.07684,0.07684,0.0637,127215
2005-07-20,0.07684,0.07684,0.07684,0.07684,0.0637,4299
2005-07-21,0.07684,0.07684,0.07684,0.07684,0.0637,0
2005-07-22,0.07865,0.07865,0.07865,0.07865,0.0652,55311
2005-07-25,0.07865,0.07955,0.07684,0.07684,0.0637,286419
2005-07-26,0.07684,0.07684,0.07684,0.07684,0.0637,71002
2005-07-27,0.07684,0.07684,0.07684,0.07684,0.0637,54205
2005-07-28,0.07684,0.07684,0.07684,0.07684,0.0637,0
2005-07-29,0.07865,0.07865,0.07593,0.07865,0.0652,154667
2005-08-01,0.07593,0.07593,0.07593,0.07593,0.062945,67479
2005-08-02,0.07413,0.07413,0.07413,0.07413,0.061453,55311
2005-08-03,0.07322,0.07322,0.07322,0.07322,0.060699,11062
2005-08-04,0.07322,0.07322,0.07322,0.07322,0.060699,0
2005-08-05,0.07322,0.07322,0.07322,0.07322,0.060699,0
2005-08-08,0.07322,0.07322,0.07232,0.07232,0.059953,127215
2005-08-09,0.07232,0.07232,0.07232,0.07232,0.059953,121684
2005-08-10,0.07232,0.07322,0.07232,0.07232,0.059953,240603
2005-08-11,0.07232,0.07232,0.07232,0.07232,0.059953,0
2005-08-12,0.07232,0.07232,0.07232,0.07232,0.059953,0
2005-08-15,0.07232,0.07232,0.07232,0.07232,0.059953,0
2005-08-16,0.06689,0.06689,0.06328,0.06328,0.052459,273236
2005-08-17,0.06328,0.06328,0.06057,0.06057,0.050212,324791
2005-08-18,0.06237,0.06237,0.06237,0.06237,0.051704,285405
2005-08-19,0.06509,0.06509,0.05424,0.05424,0.044965,475675
2005-08-22,0.06328,0.06328,0.06328,0.06328,0.052459,110622
2005-08-23,0.06328,0.06328,0.06328,0.06328,0.052459,0
2005-08-24,0.06328,0.06328,0.06328,0.06328,0.052459,0
2005-08-25,0.06328,0.06328,0.06328,0.06328,0.052459,0
2005-08-26,0.06057,0.06057,0.05876,0.06057,0.050212,154871
2005-08-29,0.05876,0.05876,0.05605,0.05605,0.046465,276555
2005-08-30,0.05605,0.05605,0.05605,0.05605,0.046465,110622
2005-08-31,0.05695,0.05695,0.05605,0.05605,0.046465,110622
2005-09-01,0.05605,0.05876,0.05605,0.05876,0.048712,214275
2005-09-02,0.05876,0.05876,0.05876,0.05876,0.048712,7207
2005-09-05,0.05876,0.05876,0.05876,0.05876,0.048712,0
2005-09-06,0.05695,0.05695,0.05695,0.05695,0.047211,17700
2005-09-07,0.05695,0.05695,0.05605,0.05605,0.046465,54205
2005-09-08,0.05605,0.05605,0.05605,0.05605,0.046465,38718
2005-09-09,0.05876,0.05876,0.05876,0.05876,0.048712,70228
2005-09-12,0.05876,0.05876,0.05876,0.05876,0.048712,0
2005-09-13,0.05876,0.05876,0.05876,0.05876,0.048712,0
2005-09-14,0.05876,0.05876,0.05876,0.05876,0.048712,0
2005-09-15,0.05514,0.05514,0.05153,0.05424,0.044965,442300
2005-09-16,0.05424,0.05424,0.05424,0.05424,0.044965,0
2005-09-19,0.05424,0.05424,0.05424,0.05424,0.044965,0
2005-09-20,0.05424,0.05424,0.05424,0.05424,0.044965,0
2005-09-21,0.05605,0.05605,0.05605,0.05605,0.046465,22124
2005-09-22,0.05785,0.05785,0.05695,0.05695,0.047211,52435
2005-09-23,0.05785,0.05876,0.05785,0.05876,0.048712,81860
2005-09-26,0.06147,0.06147,0.06147,0.06147,0.050958,110622
2005-09-27,0.06147,0.06147,0.06147,0.06147,0.050958,365053
2005-09-28,0.06237,0.07232,0.06237,0.0678,0.056206,603345
2005-09-29,0.0678,0.0678,0.0678,0.0678,0.056206,54205
2005-09-30,0.07141,0.07141,0.07141,0.07141,0.059198,132746
2005-10-03,0.07141,0.07141,0.07141,0.07141,0.059198,0
2005-10-04,0.06961,0.06961,0.06961,0.06961,0.057706,54205
2005-10-05,0.06961,0.06961,0.06418,0.06418,0.053205,383780
2005-10-06,0.06418,0.06418,0.06328,0.06328,0.052459,110622
2005-10-07,0.06328,0.07141,0.06328,0.07141,0.059198,55311
2005-10-10,0.07141,0.08136,0.07141,0.08136,0.067447,922644
2005-10-11,0.08136,0.08136,0.07865,0.07865,0.0652,227881
2005-10-12,0.07865,0.07865,0.07865,0.07865,0.0652,0
2005-10-13,0.08045,0.08136,0.08045,0.08136,0.067447,109513
2005-10-14,0.08588,0.08769,0.08588,0.08769,0.072694,9403
2005-10-17,0.08407,0.08588,0.08407,0.08588,0.071194,112181
2005-10-18,0.08769,0.08769,0.08769,0.08769,0.072694,54979
2005-10-19,0.08949,0.08949,0.08859,0.08949,0.074187,90599
2005-10-20,0.08949,0.08949,0.08949,0.08949,0.074187,0
2005-10-21,0.08949,0.0904,0.08859,0.0904,0.074941,77435
2005-10-24,0.0904,0.0904,0.08859,0.08859,0.073441,11062
2005-10-25,0.08769,0.0904,0.08769,0.0904,0.074941,131563
2005-10-26,0.0904,0.0904,0.08588,0.08588,0.071194,263105
2005-10-27,0.08588,0.08588,0.08588,0.08588,0.071194,0
2005-10-28,0.08769,0.08769,0.08317,0.08317,0.068947,94029
2005-10-30,0.08407,0.08407,0.08407,0.08407,0.069693,79648
2005-10-31,0.08407,0.08407,0.08407,0.08407,0.069693,0
2005-11-01,0.08407,0.08407,0.08407,0.08407,0.069693,0
2005-11-02,0.08407,0.08407,0.08407,0.08407,0.069693,0
2005-11-03,0.08136,0.08136,0.08136,0.08136,0.067447,22124
2005-11-06,0.08136,0.08136,0.07684,0.07684,0.0637,47567
2005-11-07,0.07684,0.07684,0.07684,0.07684,0.0637,0
2005-11-08,0.07684,0.07684,0.07684,0.07684,0.0637,6828
2005-11-09,0.07684,0.07684,0.07684,0.07684,0.0637,0
2005-11-10,0.08317,0.08317,0.07865,0.07865,0.0652,82967
2005-11-13,0.08136,0.08136,0.08136,0.08136,0.067447,188058
2005-11-14,0.08588,0.08588,0.08588,0.08588,0.071194,17700
2005-11-15,0.08588,0.08588,0.08588,0.08588,0.071194,0
2005-11-16,0.08588,0.08588,0.08588,0.08588,0.071194,0
2005-11-17,0.08588,0.08588,0.08588,0.08588,0.071194,0
2005-11-20,0.08136,0.08136,0.08136,0.08136,0.067447,13084
2005-11-21,0.07684,0.07684,0.07684,0.07684,0.0637,16593
2005-11-22,0.07684,0.07684,0.07232,0.07232,0.059953,182526
2005-11-23,0.07232,0.07232,0.07232,0.07232,0.059953,77435
2005-11-24,0.07232,0.07232,0.07232,0.07232,0.059953,0
2005-11-27,0.0678,0.0678,0.0678,0.0678,0.056206,41120
2005-11-28,0.0678,0.0678,0.0678,0.0678,0.056206,8850
2005-11-29,0.0678,0.0678,0.0678,0.0678,0.056206,0
2005-11-30,0.0687,0.0687,0.0678,0.0678,0.056206,128322
2005-12-01,0.06961,0.06961,0.06961,0.06961,0.057706,221244
2005-12-04,0.06961,0.06961,0.0678,0.0678,0.056206,48483
2005-12-05,0.0678,0.0678,0.0678,0.0678,0.056206,12359
2005-12-06,0.0678,0.0678,0.0678,0.0678,0.056206,0
2005-12-07,0.0678,0.0678,0.0678,0.0678,0.056206,0
2005-12-08,0.07232,0.07232,0.07232,0.07232,0.059953,22124
2005-12-11,0.0687,0.0687,0.0678,0.0678,0.056206,135875
2005-12-12,0.06418,0.06418,0.06418,0.06418,0.053205,122981
2005-12-13,0.06509,0.06509,0.06509,0.06509,0.053959,110622
2005-12-14,0.06509,0.06509,0.06509,0.06509,0.053959,0
2005-12-15,0.06509,0.06509,0.06509,0.06509,0.053959,0
2005-12-18,0.07232,0.07684,0.07232,0.07684,0.0637,289328
2005-12-19,0.07684,0.07684,0.07684,0.07684,0.0637,0
2005-12-20,0.08136,0.08136,0.07684,0.07684,0.0637,277883
2005-12-21,0.08136,0.08136,0.08136,0.08136,0.067447,22124
2005-12-22,0.08136,0.08136,0.08136,0.08136,0.067447,0
2005-12-27,0.08136,0.08136,0.08136,0.08136,0.067447,0
2005-12-28,0.08136,0.08136,0.08136,0.08136,0.067447,0
